rnuv_datetime,rn_url,is_404
2020-09-17T22:23:06Z,https://chem.nlm.nih.gov/chemidplus/rn/444731-52-6,FALSE
2020-09-17T22:23:13Z,https://chem.nlm.nih.gov/chemidplus/rn/1403-66-3,FALSE
2020-09-17T22:23:19Z,https://chem.nlm.nih.gov/chemidplus/rn/112901-68-5,FALSE
2020-09-17T22:23:25Z,https://chem.nlm.nih.gov/chemidplus/rn/15475-56-6,FALSE
2020-09-17T22:23:31Z,https://chem.nlm.nih.gov/chemidplus/rn/58911-04-9,FALSE
2020-09-17T22:23:37Z,https://chem.nlm.nih.gov/chemidplus/rn/68723-23-9,FALSE
2020-09-17T22:23:41Z,https://chem.nlm.nih.gov/chemidplus/rn/132138-76-2,FALSE
2020-09-17T22:23:47Z,https://chem.nlm.nih.gov/chemidplus/rn/5697-56-3,FALSE
2020-09-17T22:23:53Z,https://chem.nlm.nih.gov/chemidplus/rn/3685-84-5,FALSE
2020-09-17T22:23:59Z,https://chem.nlm.nih.gov/chemidplus/rn/9005-49-6,FALSE
2020-09-17T22:24:06Z,https://chem.nlm.nih.gov/chemidplus/rn/211914-51-1,FALSE
2020-09-17T22:24:12Z,https://chem.nlm.nih.gov/chemidplus/rn/682745-41-1,FALSE
2020-09-17T22:24:18Z,https://chem.nlm.nih.gov/chemidplus/rn/151-73-5,FALSE
2020-09-17T22:24:25Z,https://chem.nlm.nih.gov/chemidplus/rn/99283-10-0,FALSE
2020-09-17T22:32:20Z,https://chem.nlm.nih.gov/chemidplus/rn/63749-94-0,FALSE
2020-09-17T22:32:29Z,https://chem.nlm.nih.gov/chemidplus/rn/9041-08-1,FALSE
2020-09-17T22:34:07Z,https://chem.nlm.nih.gov/chemidplus/rn/51-21-8,FALSE
2020-09-17T22:40:41Z,https://chem.nlm.nih.gov/chemidplus/rn/8064-90-2,FALSE
2020-09-17T22:40:48Z,https://chem.nlm.nih.gov/chemidplus/rn/9004-66-4,FALSE
2020-09-17T22:40:55Z,https://chem.nlm.nih.gov/chemidplus/rn/15663-27-1,FALSE
2020-09-17T22:41:02Z,https://chem.nlm.nih.gov/chemidplus/rn/154229-18-2,FALSE
2020-09-17T22:41:10Z,https://chem.nlm.nih.gov/chemidplus/rn/154229-19-3,FALSE
2020-09-17T22:41:16Z,https://chem.nlm.nih.gov/chemidplus/rn/138786-67-1,FALSE
2020-09-17T22:41:21Z,https://chem.nlm.nih.gov/chemidplus/rn/57-22-7,FALSE
2020-09-17T22:41:28Z,https://chem.nlm.nih.gov/chemidplus/rn/2068-78-2,FALSE
2020-09-17T22:41:36Z,https://chem.nlm.nih.gov/chemidplus/rn/1110766-97-6,FALSE
2020-09-17T22:41:42Z,https://chem.nlm.nih.gov/chemidplus/rn/70-51-9,FALSE
2020-09-17T22:41:47Z,https://chem.nlm.nih.gov/chemidplus/rn/138-14-7,FALSE
2020-09-17T22:41:54Z,https://chem.nlm.nih.gov/chemidplus/rn/1950-39-6,FALSE
2020-09-17T22:42:01Z,https://chem.nlm.nih.gov/chemidplus/rn/745-65-3,FALSE
2020-09-17T22:42:09Z,https://chem.nlm.nih.gov/chemidplus/rn/16397-28-7,FALSE
2020-09-17T22:42:16Z,https://chem.nlm.nih.gov/chemidplus/rn/109552-15-0,FALSE
2020-09-17T22:42:23Z,https://chem.nlm.nih.gov/chemidplus/rn/50-18-0,FALSE
2020-09-17T22:42:30Z,https://chem.nlm.nih.gov/chemidplus/rn/569-65-3,FALSE
2020-09-17T22:42:34Z,https://chem.nlm.nih.gov/chemidplus/rn/53-03-2,FALSE
2020-09-17T22:42:42Z,https://chem.nlm.nih.gov/chemidplus/rn/29767-20-2,FALSE
2020-09-17T22:42:46Z,https://chem.nlm.nih.gov/chemidplus/rn/58-32-2,FALSE
2020-09-17T22:42:53Z,https://chem.nlm.nih.gov/chemidplus/rn/20830-81-3,FALSE
2020-09-17T22:43:00Z,https://chem.nlm.nih.gov/chemidplus/rn/23541-50-6,FALSE
2020-09-17T22:43:07Z,https://chem.nlm.nih.gov/chemidplus/rn/52-53-9,FALSE
2020-09-17T22:43:11Z,https://chem.nlm.nih.gov/chemidplus/rn/71-58-9,FALSE
2020-09-17T22:45:14Z,https://chem.nlm.nih.gov/chemidplus/rn/152-11-4,FALSE
2020-09-17T22:45:22Z,https://chem.nlm.nih.gov/chemidplus/rn/1405-10-3,FALSE
2020-09-17T22:45:28Z,https://chem.nlm.nih.gov/chemidplus/rn/380610-27-5,FALSE
2020-09-17T22:45:32Z,https://chem.nlm.nih.gov/chemidplus/rn/132036-88-5,FALSE
2020-09-17T22:45:40Z,https://chem.nlm.nih.gov/chemidplus/rn/571190-30-2,FALSE
2020-09-17T22:45:46Z,https://chem.nlm.nih.gov/chemidplus/rn/50-02-2,FALSE
2020-09-17T22:45:51Z,https://chem.nlm.nih.gov/chemidplus/rn/51-63-8,FALSE
2020-09-17T22:45:54Z,https://chem.nlm.nih.gov/chemidplus/rn/51-64-9,FALSE
2020-09-17T22:46:01Z,https://chem.nlm.nih.gov/chemidplus/rn/57-43-2,FALSE
2020-09-17T22:46:08Z,https://chem.nlm.nih.gov/chemidplus/rn/1309-38-2,FALSE
2020-09-17T22:46:15Z,https://chem.nlm.nih.gov/chemidplus/rn/722492-56-0,FALSE
2020-09-17T22:46:22Z,https://chem.nlm.nih.gov/chemidplus/rn/645-05-6,FALSE
2020-09-17T22:46:30Z,https://chem.nlm.nih.gov/chemidplus/rn/52-24-4,FALSE
2020-09-17T22:46:37Z,https://chem.nlm.nih.gov/chemidplus/rn/59-05-2,FALSE
2020-09-17T22:46:45Z,https://chem.nlm.nih.gov/chemidplus/rn/57773-63-4,FALSE
2020-09-17T22:46:52Z,https://chem.nlm.nih.gov/chemidplus/rn/124508-66-3,FALSE
2020-09-17T22:46:59Z,https://chem.nlm.nih.gov/chemidplus/rn/2375-03-3,FALSE
2020-09-17T22:47:06Z,https://chem.nlm.nih.gov/chemidplus/rn/915810-67-2,FALSE
2020-09-17T22:47:14Z,https://chem.nlm.nih.gov/chemidplus/rn/121313-14-2,FALSE
2020-09-17T22:47:21Z,https://chem.nlm.nih.gov/chemidplus/rn/159351-69-6,FALSE
2020-09-17T22:47:29Z,https://chem.nlm.nih.gov/chemidplus/rn/312-93-6,FALSE
2020-09-17T22:47:36Z,https://chem.nlm.nih.gov/chemidplus/rn/2392-39-4,FALSE
2020-09-17T22:47:43Z,https://chem.nlm.nih.gov/chemidplus/rn/238750-77-1,FALSE
2020-09-17T22:47:51Z,https://chem.nlm.nih.gov/chemidplus/rn/50-14-6,FALSE
2020-09-17T22:47:58Z,https://chem.nlm.nih.gov/chemidplus/rn/50-27-1,FALSE
2020-09-17T22:48:02Z,https://chem.nlm.nih.gov/chemidplus/rn/54-31-9,FALSE
2020-09-17T22:48:10Z,https://chem.nlm.nih.gov/chemidplus/rn/54-49-9,FALSE
2020-09-17T22:48:17Z,https://chem.nlm.nih.gov/chemidplus/rn/83-43-2,FALSE
2020-09-17T22:48:24Z,https://chem.nlm.nih.gov/chemidplus/rn/1609655-49-3,FALSE
2020-09-17T22:48:32Z,https://chem.nlm.nih.gov/chemidplus/rn/85622-93-1,FALSE
2020-09-17T22:48:39Z,https://chem.nlm.nih.gov/chemidplus/rn/109889-09-0,FALSE
2020-09-17T22:48:47Z,https://chem.nlm.nih.gov/chemidplus/rn/577-11-7,FALSE
2020-09-17T22:48:54Z,https://chem.nlm.nih.gov/chemidplus/rn/8024-48-4,FALSE
2020-09-17T22:49:01Z,https://chem.nlm.nih.gov/chemidplus/rn/124832-26-4,FALSE
2020-09-17T22:49:08Z,https://chem.nlm.nih.gov/chemidplus/rn/1247-42-3,FALSE
2020-09-17T22:49:16Z,https://chem.nlm.nih.gov/chemidplus/rn/52080-57-6,FALSE
2020-09-17T22:49:23Z,https://chem.nlm.nih.gov/chemidplus/rn/138360-83-5,FALSE
2020-09-17T22:49:26Z,https://chem.nlm.nih.gov/chemidplus/rn/9074-87-7,FALSE
2020-09-17T22:49:34Z,https://chem.nlm.nih.gov/chemidplus/rn/723-46-6,FALSE
2020-09-17T22:49:41Z,https://chem.nlm.nih.gov/chemidplus/rn/50-78-2,FALSE
2020-09-17T22:49:48Z,https://chem.nlm.nih.gov/chemidplus/rn/1421373-65-0,FALSE
2020-09-17T22:49:55Z,https://chem.nlm.nih.gov/chemidplus/rn/1421373-66-1,FALSE
2020-09-17T22:50:03Z,https://chem.nlm.nih.gov/chemidplus/rn/69-74-9,FALSE
2020-09-17T22:50:10Z,https://chem.nlm.nih.gov/chemidplus/rn/147-94-4,FALSE
2020-09-17T22:50:18Z,https://chem.nlm.nih.gov/chemidplus/rn/10212-25-6,FALSE
2020-09-17T22:50:25Z,https://chem.nlm.nih.gov/chemidplus/rn/1177-87-3,FALSE
2020-09-17T22:50:32Z,https://chem.nlm.nih.gov/chemidplus/rn/110078-46-1,FALSE
2020-09-17T22:50:40Z,https://chem.nlm.nih.gov/chemidplus/rn/61825-94-3,FALSE
2020-09-17T22:50:47Z,https://chem.nlm.nih.gov/chemidplus/rn/53123-88-9,FALSE
2020-09-17T22:50:54Z,https://chem.nlm.nih.gov/chemidplus/rn/162635-04-3,FALSE
2020-09-17T22:51:02Z,https://chem.nlm.nih.gov/chemidplus/rn/20830-75-5,FALSE
2020-09-17T22:51:09Z,https://chem.nlm.nih.gov/chemidplus/rn/50-06-6,FALSE
2020-09-17T22:51:17Z,https://chem.nlm.nih.gov/chemidplus/rn/50-07-7,FALSE
2020-09-17T22:51:25Z,https://chem.nlm.nih.gov/chemidplus/rn/50-23-7,FALSE
2020-09-17T22:51:34Z,https://chem.nlm.nih.gov/chemidplus/rn/738-70-5,FALSE
2020-09-17T22:51:41Z,https://chem.nlm.nih.gov/chemidplus/rn/6223-35-4,FALSE
2020-09-17T22:51:45Z,https://chem.nlm.nih.gov/chemidplus/rn/6055-19-2,FALSE
2020-09-17T22:51:52Z,https://chem.nlm.nih.gov/chemidplus/rn/10087-89-5,FALSE
2020-09-17T22:52:01Z,https://chem.nlm.nih.gov/chemidplus/rn/59-99-4,FALSE
2020-09-17T22:52:09Z,https://chem.nlm.nih.gov/chemidplus/rn/80-33-1,FALSE
2020-09-17T22:52:16Z,https://chem.nlm.nih.gov/chemidplus/rn/80-38-6,FALSE
2020-09-17T22:52:24Z,https://chem.nlm.nih.gov/chemidplus/rn/216503-57-0,FALSE
2020-09-17T22:52:33Z,https://chem.nlm.nih.gov/chemidplus/rn/437608-50-9,FALSE
2020-09-17T22:52:36Z,https://chem.nlm.nih.gov/chemidplus/rn/55-98-1,FALSE
2020-09-17T22:52:43Z,https://chem.nlm.nih.gov/chemidplus/rn/57-85-2,FALSE
2020-09-17T22:52:50Z,https://chem.nlm.nih.gov/chemidplus/rn/10540-29-1,FALSE
2020-09-17T22:52:58Z,https://chem.nlm.nih.gov/chemidplus/rn/13909-09-6,FALSE
2020-09-17T22:53:05Z,https://chem.nlm.nih.gov/chemidplus/rn/14769-73-4,FALSE
2020-09-17T22:53:13Z,https://chem.nlm.nih.gov/chemidplus/rn/16595-80-5,FALSE
2020-09-17T22:53:20Z,https://chem.nlm.nih.gov/chemidplus/rn/1327-53-3,FALSE
2020-09-17T22:53:27Z,https://chem.nlm.nih.gov/chemidplus/rn/216974-75-3,FALSE
2020-09-17T22:53:35Z,https://chem.nlm.nih.gov/chemidplus/rn/99614-02-5,FALSE
2020-09-17T22:53:41Z,https://chem.nlm.nih.gov/chemidplus/rn/540737-29-9,FALSE
2020-09-17T22:53:46Z,https://chem.nlm.nih.gov/chemidplus/rn/509077-98-9,FALSE
2020-09-17T22:53:53Z,https://chem.nlm.nih.gov/chemidplus/rn/17230-88-5,FALSE
2020-09-17T22:54:01Z,https://chem.nlm.nih.gov/chemidplus/rn/146464-95-1,FALSE
2020-09-17T22:54:08Z,https://chem.nlm.nih.gov/chemidplus/rn/679809-58-6,FALSE
2020-09-17T22:54:12Z,https://chem.nlm.nih.gov/chemidplus/rn/123318-82-1,FALSE
2020-09-17T22:54:19Z,https://chem.nlm.nih.gov/chemidplus/rn/58-33-3,FALSE
2020-09-17T22:54:27Z,https://chem.nlm.nih.gov/chemidplus/rn/56-75-7,FALSE
2020-09-17T22:54:35Z,https://chem.nlm.nih.gov/chemidplus/rn/57-15-8,FALSE
2020-09-17T22:54:42Z,https://chem.nlm.nih.gov/chemidplus/rn/59-32-5,FALSE
2020-09-17T22:59:42Z,https://chem.nlm.nih.gov/chemidplus/rn/52-51-7,FALSE
2020-09-17T22:59:49Z,https://chem.nlm.nih.gov/chemidplus/rn/76-06-2,FALSE
2020-09-17T22:59:56Z,https://chem.nlm.nih.gov/chemidplus/rn/82-68-8,FALSE
2020-09-17T23:00:01Z,https://chem.nlm.nih.gov/chemidplus/rn/82-93-9,FALSE
2020-09-17T23:00:08Z,https://chem.nlm.nih.gov/chemidplus/rn/127-65-1,FALSE
2020-09-17T23:00:15Z,https://chem.nlm.nih.gov/chemidplus/rn/1446502-11-9,FALSE
2020-09-17T23:00:19Z,https://chem.nlm.nih.gov/chemidplus/rn/151823-14-2,FALSE
2020-09-17T23:00:29Z,https://chem.nlm.nih.gov/chemidplus/rn/86401-95-8,FALSE
2020-09-17T23:00:35Z,https://chem.nlm.nih.gov/chemidplus/rn/871700-17-3,FALSE
2020-09-17T23:00:38Z,https://chem.nlm.nih.gov/chemidplus/rn/1114544-31-8,FALSE
2020-09-17T23:00:48Z,https://chem.nlm.nih.gov/chemidplus/rn/1159266-37-1,FALSE
2020-09-17T23:00:51Z,https://chem.nlm.nih.gov/chemidplus/rn/395-28-8,FALSE
2020-09-17T23:01:07Z,https://chem.nlm.nih.gov/chemidplus/rn/579-56-6,FALSE
2020-09-17T23:01:10Z,https://chem.nlm.nih.gov/chemidplus/rn/7541-30-2,FALSE
2020-09-17T23:01:18Z,https://chem.nlm.nih.gov/chemidplus/rn/7660-71-1,FALSE
2020-09-17T23:01:25Z,https://chem.nlm.nih.gov/chemidplus/rn/76584-70-8,FALSE
2020-09-17T23:01:40Z,https://chem.nlm.nih.gov/chemidplus/rn/68-19-9,FALSE
2020-09-17T23:01:46Z,https://chem.nlm.nih.gov/chemidplus/rn/380843-75-4,FALSE
2020-09-17T23:01:49Z,https://chem.nlm.nih.gov/chemidplus/rn/60-99-1,FALSE
2020-09-17T23:01:55Z,https://chem.nlm.nih.gov/chemidplus/rn/77-86-1,FALSE
2020-09-17T23:02:00Z,https://chem.nlm.nih.gov/chemidplus/rn/308067-63-2,FALSE
2020-09-17T23:02:07Z,https://chem.nlm.nih.gov/chemidplus/rn/50-03-3,FALSE
2020-09-17T23:02:14Z,https://chem.nlm.nih.gov/chemidplus/rn/50-04-4,FALSE
2020-09-17T23:02:22Z,https://chem.nlm.nih.gov/chemidplus/rn/50-12-4,FALSE
2020-09-17T23:02:29Z,https://chem.nlm.nih.gov/chemidplus/rn/50-29-3,FALSE
2020-09-17T23:02:33Z,https://chem.nlm.nih.gov/chemidplus/rn/73963-72-1,FALSE
2020-09-17T23:02:41Z,https://chem.nlm.nih.gov/chemidplus/rn/6981-18-6,FALSE
2020-09-17T23:02:48Z,https://chem.nlm.nih.gov/chemidplus/rn/66093-35-4,FALSE
2020-09-17T23:02:56Z,https://chem.nlm.nih.gov/chemidplus/rn/315-30-0,FALSE
2020-09-17T23:03:09Z,https://chem.nlm.nih.gov/chemidplus/rn/30817-43-7,FALSE
2020-09-17T23:03:11Z,https://chem.nlm.nih.gov/chemidplus/rn/1257044-40-8,FALSE
2020-09-17T23:03:22Z,https://chem.nlm.nih.gov/chemidplus/rn/519-26-6,FALSE
2020-09-17T23:03:30Z,https://chem.nlm.nih.gov/chemidplus/rn/1491-41-4,FALSE
2020-09-17T23:03:34Z,https://chem.nlm.nih.gov/chemidplus/rn/69408-81-7,FALSE
2020-09-17T23:03:41Z,https://chem.nlm.nih.gov/chemidplus/rn/41575-94-4,FALSE
2020-09-17T23:03:49Z,https://chem.nlm.nih.gov/chemidplus/rn/9041-93-4,FALSE
2020-09-17T23:03:56Z,https://chem.nlm.nih.gov/chemidplus/rn/4759-48-2,FALSE
2020-09-17T23:04:04Z,https://chem.nlm.nih.gov/chemidplus/rn/127471-94-7,FALSE
2020-09-17T23:04:12Z,https://chem.nlm.nih.gov/chemidplus/rn/67-28-7,FALSE
2020-09-17T23:04:19Z,https://chem.nlm.nih.gov/chemidplus/rn/86-54-4,FALSE
2020-09-17T23:04:28Z,https://chem.nlm.nih.gov/chemidplus/rn/3778-73-2,FALSE
2020-09-17T23:04:35Z,https://chem.nlm.nih.gov/chemidplus/rn/9001-27-8,FALSE
2020-09-17T23:04:42Z,https://chem.nlm.nih.gov/chemidplus/rn/69839-83-4,FALSE
2020-09-17T23:04:49Z,https://chem.nlm.nih.gov/chemidplus/rn/58579-51-4,FALSE
2020-09-17T23:04:59Z,https://chem.nlm.nih.gov/chemidplus/rn/68475-42-3,FALSE
2020-09-17T23:05:07Z,https://chem.nlm.nih.gov/chemidplus/rn/70381-75-8,FALSE
2020-09-17T23:05:14Z,https://chem.nlm.nih.gov/chemidplus/rn/70406-92-7,FALSE
2020-09-17T23:05:24Z,https://chem.nlm.nih.gov/chemidplus/rn/172673-20-0,FALSE
2020-09-17T23:05:30Z,https://chem.nlm.nih.gov/chemidplus/rn/265121-04-8,FALSE
2020-09-17T23:05:32Z,https://chem.nlm.nih.gov/chemidplus/rn/299-75-2,FALSE
2020-09-17T23:05:41Z,https://chem.nlm.nih.gov/chemidplus/rn/50-24-8,FALSE
2020-09-17T23:05:49Z,https://chem.nlm.nih.gov/chemidplus/rn/50-57-7,FALSE
2020-09-17T23:05:53Z,https://chem.nlm.nih.gov/chemidplus/rn/60-54-8,FALSE
2020-09-17T23:06:01Z,https://chem.nlm.nih.gov/chemidplus/rn/6610-54-4,FALSE
2020-09-17T23:06:08Z,https://chem.nlm.nih.gov/chemidplus/rn/70-30-4,FALSE
2020-09-17T23:06:16Z,https://chem.nlm.nih.gov/chemidplus/rn/94-36-0,FALSE
2020-09-17T23:06:23Z,https://chem.nlm.nih.gov/chemidplus/rn/150-13-0,FALSE
2020-09-17T23:06:32Z,https://chem.nlm.nih.gov/chemidplus/rn/1404-88-2,FALSE
2020-09-18T18:48:49Z,https://chem.nlm.nih.gov/chemidplus/rn/6808-72-6,FALSE
2020-09-18T18:49:50Z,https://chem.nlm.nih.gov/chemidplus/rn/606143-52-6,FALSE
2020-09-18T18:49:58Z,https://chem.nlm.nih.gov/chemidplus/rn/127-33-3,FALSE
2020-09-18T18:50:13Z,https://chem.nlm.nih.gov/chemidplus/rn/500307-87-9,FALSE
2020-09-18T18:50:20Z,https://chem.nlm.nih.gov/chemidplus/rn/4891-15-0,FALSE
2020-09-18T18:50:28Z,https://chem.nlm.nih.gov/chemidplus/rn/950769-58-1,FALSE
2020-09-18T18:50:35Z,https://chem.nlm.nih.gov/chemidplus/rn/300-62-9,FALSE
2020-09-18T18:50:43Z,https://chem.nlm.nih.gov/chemidplus/rn/33237-74-0,FALSE
2020-09-18T18:50:51Z,https://chem.nlm.nih.gov/chemidplus/rn/944347-41-5,FALSE
2020-09-18T18:51:06Z,https://chem.nlm.nih.gov/chemidplus/rn/1208255-63-3,FALSE
2020-09-18T18:51:13Z,https://chem.nlm.nih.gov/chemidplus/rn/915296-00-3,FALSE
2020-09-18T18:51:20Z,https://chem.nlm.nih.gov/chemidplus/rn/118549-32-9,FALSE
2020-09-18T18:51:27Z,https://chem.nlm.nih.gov/chemidplus/rn/108-62-3,FALSE
2020-09-18T18:51:35Z,https://chem.nlm.nih.gov/chemidplus/rn/5469-26-1,FALSE
2020-09-18T18:51:50Z,https://chem.nlm.nih.gov/chemidplus/rn/82911-61-3,FALSE
2020-09-18T18:51:57Z,https://chem.nlm.nih.gov/chemidplus/rn/80-32-0,FALSE
2020-09-18T18:52:04Z,https://chem.nlm.nih.gov/chemidplus/rn/308067-60-9,FALSE
2020-09-18T18:52:08Z,https://chem.nlm.nih.gov/chemidplus/rn/610798-31-7,FALSE
2020-09-18T18:52:15Z,https://chem.nlm.nih.gov/chemidplus/rn/306-94-5,FALSE
2020-09-18T18:52:23Z,https://chem.nlm.nih.gov/chemidplus/rn/40507-78-6,FALSE
2020-09-18T18:52:30Z,https://chem.nlm.nih.gov/chemidplus/rn/58166-23-7,FALSE
2020-09-18T18:52:38Z,https://chem.nlm.nih.gov/chemidplus/rn/866-73-9,FALSE
2020-09-18T18:52:45Z,https://chem.nlm.nih.gov/chemidplus/rn/53-95-2,FALSE
2020-09-18T18:52:49Z,https://chem.nlm.nih.gov/chemidplus/rn/175865-61-9,FALSE
2020-09-18T18:52:56Z,https://chem.nlm.nih.gov/chemidplus/rn/1984-15-2,FALSE
2020-09-18T18:53:04Z,https://chem.nlm.nih.gov/chemidplus/rn/2557-49-5,FALSE
2020-09-18T18:53:18Z,https://chem.nlm.nih.gov/chemidplus/rn/156090-18-5,FALSE
2020-09-18T18:53:25Z,https://chem.nlm.nih.gov/chemidplus/rn/3572-60-9,FALSE
2020-09-18T18:53:32Z,https://chem.nlm.nih.gov/chemidplus/rn/105826-92-4,FALSE
2020-09-18T18:53:40Z,https://chem.nlm.nih.gov/chemidplus/rn/64-95-9,FALSE
2020-09-18T18:53:48Z,https://chem.nlm.nih.gov/chemidplus/rn/525-76-8,FALSE
2020-09-18T18:53:55Z,https://chem.nlm.nih.gov/chemidplus/rn/1939126-74-5,FALSE
2020-09-18T18:53:59Z,https://chem.nlm.nih.gov/chemidplus/rn/479-18-5,FALSE
2020-09-18T18:54:06Z,https://chem.nlm.nih.gov/chemidplus/rn/97-63-2,FALSE
2020-09-18T18:54:13Z,https://chem.nlm.nih.gov/chemidplus/rn/213819-48-8,FALSE
2020-09-18T18:54:31Z,https://chem.nlm.nih.gov/chemidplus/rn/13782-33-7,FALSE
2020-09-18T18:54:38Z,https://chem.nlm.nih.gov/chemidplus/rn/1211441-98-3,FALSE
2020-09-18T18:54:45Z,https://chem.nlm.nih.gov/chemidplus/rn/1146-99-2,FALSE
2020-09-18T18:54:49Z,https://chem.nlm.nih.gov/chemidplus/rn/1088-80-8,FALSE
2020-09-18T18:54:57Z,https://chem.nlm.nih.gov/chemidplus/rn/5002-47-1,FALSE
2020-09-18T18:55:05Z,https://chem.nlm.nih.gov/chemidplus/rn/5134-38-3,FALSE
2020-09-18T18:55:12Z,https://chem.nlm.nih.gov/chemidplus/rn/7287-19-6,FALSE
2020-09-18T18:55:20Z,https://chem.nlm.nih.gov/chemidplus/rn/545-49-3,FALSE
2020-09-18T18:55:26Z,https://chem.nlm.nih.gov/chemidplus/rn/7081-44-9,FALSE
2020-09-18T18:55:30Z,https://chem.nlm.nih.gov/chemidplus/rn/11115-83-6,FALSE
2020-09-18T18:55:38Z,https://chem.nlm.nih.gov/chemidplus/rn/90350-40-6,FALSE
2020-09-18T18:55:45Z,https://chem.nlm.nih.gov/chemidplus/rn/115436-72-1,FALSE
2020-09-18T18:55:52Z,https://chem.nlm.nih.gov/chemidplus/rn/59917-39-4,FALSE
2020-09-18T18:56:00Z,https://chem.nlm.nih.gov/chemidplus/rn/176669-18-4,FALSE
2020-09-18T18:56:07Z,https://chem.nlm.nih.gov/chemidplus/rn/142469-14-5,FALSE
2020-09-18T18:56:14Z,https://chem.nlm.nih.gov/chemidplus/rn/65-86-1,FALSE
2020-09-18T18:56:22Z,https://chem.nlm.nih.gov/chemidplus/rn/1385020-40-5,FALSE
2020-09-18T18:56:29Z,https://chem.nlm.nih.gov/chemidplus/rn/9014-67-9,FALSE
2020-09-18T18:56:37Z,https://chem.nlm.nih.gov/chemidplus/rn/79-01-6,FALSE
2020-09-18T18:56:44Z,https://chem.nlm.nih.gov/chemidplus/rn/63748-54-9,FALSE
2020-09-18T18:56:51Z,https://chem.nlm.nih.gov/chemidplus/rn/25122-46-7,FALSE
2020-09-18T18:56:59Z,https://chem.nlm.nih.gov/chemidplus/rn/1195768-06-9,FALSE
2020-09-18T18:57:06Z,https://chem.nlm.nih.gov/chemidplus/rn/37203-49-9,FALSE
2020-09-18T18:57:20Z,https://chem.nlm.nih.gov/chemidplus/rn/135669-44-2,FALSE
2020-09-18T18:57:28Z,https://chem.nlm.nih.gov/chemidplus/rn/7240-38-2,FALSE
2020-09-18T18:57:35Z,https://chem.nlm.nih.gov/chemidplus/rn/68002-60-8,FALSE
2020-09-18T18:57:43Z,https://chem.nlm.nih.gov/chemidplus/rn/58-20-8,FALSE
2020-09-18T18:57:50Z,https://chem.nlm.nih.gov/chemidplus/rn/143653-53-6,FALSE
2020-09-18T18:57:57Z,https://chem.nlm.nih.gov/chemidplus/rn/16208-51-8,FALSE
2020-09-18T18:58:05Z,https://chem.nlm.nih.gov/chemidplus/rn/89778-26-7,FALSE
2020-09-18T18:58:12Z,https://chem.nlm.nih.gov/chemidplus/rn/70711-41-0,FALSE
2020-09-18T18:58:20Z,https://chem.nlm.nih.gov/chemidplus/rn/137-26-8,FALSE
2020-09-18T18:58:27Z,https://chem.nlm.nih.gov/chemidplus/rn/438-41-5,FALSE
2020-09-18T18:58:35Z,https://chem.nlm.nih.gov/chemidplus/rn/1400-61-9,FALSE
2020-09-18T18:58:42Z,https://chem.nlm.nih.gov/chemidplus/rn/68-23-5,FALSE
2020-09-18T18:58:49Z,https://chem.nlm.nih.gov/chemidplus/rn/34642-77-8,FALSE
2020-09-18T18:58:56Z,https://chem.nlm.nih.gov/chemidplus/rn/86116-44-1,FALSE
2020-09-18T18:59:03Z,https://chem.nlm.nih.gov/chemidplus/rn/152946-68-4,FALSE
2020-09-18T18:59:11Z,https://chem.nlm.nih.gov/chemidplus/rn/18503-71-4,FALSE
2020-09-18T18:59:14Z,https://chem.nlm.nih.gov/chemidplus/rn/61299-42-1,FALSE
2020-09-18T18:59:22Z,https://chem.nlm.nih.gov/chemidplus/rn/55870-64-9,FALSE
2020-09-18T18:59:29Z,https://chem.nlm.nih.gov/chemidplus/rn/66682-48-2,FALSE
2020-09-18T18:59:36Z,https://chem.nlm.nih.gov/chemidplus/rn/3-37288-11-2,FALSE
2020-09-18T18:59:55Z,https://chem.nlm.nih.gov/chemidplus/rn/479198-61-3,FALSE
2020-09-18T19:00:02Z,https://chem.nlm.nih.gov/chemidplus/rn/149647-78-9,FALSE
2020-09-18T19:00:09Z,https://chem.nlm.nih.gov/chemidplus/rn/121-75-5,FALSE
2020-09-18T19:00:16Z,https://chem.nlm.nih.gov/chemidplus/rn/19685-09-7,FALSE
2020-09-18T19:00:23Z,https://chem.nlm.nih.gov/chemidplus/rn/40796-97-2,FALSE
2020-09-18T19:00:31Z,https://chem.nlm.nih.gov/chemidplus/rn/320-67-2,FALSE
2020-09-18T19:00:38Z,https://chem.nlm.nih.gov/chemidplus/rn/119618-22-3,FALSE
2020-09-18T19:00:45Z,https://chem.nlm.nih.gov/chemidplus/rn/117857-45-1,FALSE
2020-09-18T19:00:53Z,https://chem.nlm.nih.gov/chemidplus/rn/12226-08-3,FALSE
2020-09-18T19:00:57Z,https://chem.nlm.nih.gov/chemidplus/rn/186028-80-8,FALSE
2020-09-18T19:01:04Z,https://chem.nlm.nih.gov/chemidplus/rn/1660-94-2,FALSE
2020-09-18T19:01:12Z,https://chem.nlm.nih.gov/chemidplus/rn/917381-47-6,FALSE
2020-09-18T19:01:20Z,https://chem.nlm.nih.gov/chemidplus/rn/443913-73-3,FALSE
2020-09-18T19:01:27Z,https://chem.nlm.nih.gov/chemidplus/rn/488-41-5,FALSE
2020-09-18T19:01:31Z,https://chem.nlm.nih.gov/chemidplus/rn/946161-17-7,FALSE
2020-09-18T19:01:38Z,https://chem.nlm.nih.gov/chemidplus/rn/847871-99-2,FALSE
2020-09-18T19:01:46Z,https://chem.nlm.nih.gov/chemidplus/rn/2097-16-7,FALSE
2020-09-18T19:01:53Z,https://chem.nlm.nih.gov/chemidplus/rn/126532-33-0,FALSE
2020-09-18T19:02:01Z,https://chem.nlm.nih.gov/chemidplus/rn/135567-49-6,FALSE
2020-09-18T19:02:08Z,https://chem.nlm.nih.gov/chemidplus/rn/851983-85-2,FALSE
2020-09-18T19:02:15Z,https://chem.nlm.nih.gov/chemidplus/rn/1058624-46-6,FALSE
2020-09-18T19:02:41Z,https://chem.nlm.nih.gov/chemidplus/rn/13601-08-6,FALSE
2020-09-18T19:02:48Z,https://chem.nlm.nih.gov/chemidplus/rn/64234-48-6,FALSE
2020-09-18T19:02:51Z,https://chem.nlm.nih.gov/chemidplus/rn/471-34-1,FALSE
2020-09-18T19:02:58Z,https://chem.nlm.nih.gov/chemidplus/rn/119221-49-7,FALSE
2020-09-18T19:03:06Z,https://chem.nlm.nih.gov/chemidplus/rn/517-43-1,FALSE
2020-09-18T19:03:14Z,https://chem.nlm.nih.gov/chemidplus/rn/53-18-9,FALSE
2020-09-18T19:03:21Z,https://chem.nlm.nih.gov/chemidplus/rn/4987-75-1,FALSE
2020-09-18T19:03:28Z,https://chem.nlm.nih.gov/chemidplus/rn/6742-08-1,FALSE
2020-09-18T19:03:36Z,https://chem.nlm.nih.gov/chemidplus/rn/24584-09-6,FALSE
2020-09-18T19:03:43Z,https://chem.nlm.nih.gov/chemidplus/rn/100007-55-4,FALSE
2020-09-18T19:03:50Z,https://chem.nlm.nih.gov/chemidplus/rn/2295-58-1,FALSE
2020-09-18T19:03:58Z,https://chem.nlm.nih.gov/chemidplus/rn/490-23-3,FALSE
2020-09-18T19:04:05Z,https://chem.nlm.nih.gov/chemidplus/rn/145843-38-5,FALSE
2020-09-18T19:04:12Z,https://chem.nlm.nih.gov/chemidplus/rn/1264-66-0,FALSE
2020-09-18T19:04:20Z,https://chem.nlm.nih.gov/chemidplus/rn/121929-20-2,FALSE
2020-09-18T19:04:23Z,https://chem.nlm.nih.gov/chemidplus/rn/152443-03-3,FALSE
2020-09-18T19:04:31Z,https://chem.nlm.nih.gov/chemidplus/rn/132-92-3,FALSE
2020-09-18T19:04:38Z,https://chem.nlm.nih.gov/chemidplus/rn/58166-25-9,FALSE
2020-09-18T19:05:05Z,https://chem.nlm.nih.gov/chemidplus/rn/1316214-52-4,FALSE
2020-09-18T19:05:12Z,https://chem.nlm.nih.gov/chemidplus/rn/1044511-01-4,FALSE
2020-09-18T19:05:20Z,https://chem.nlm.nih.gov/chemidplus/rn/145464-27-3,FALSE
2020-09-18T19:05:27Z,https://chem.nlm.nih.gov/chemidplus/rn/97067-70-4,FALSE
2020-09-18T19:05:36Z,https://chem.nlm.nih.gov/chemidplus/rn/1492-18-8,FALSE
2020-09-18T19:05:51Z,https://chem.nlm.nih.gov/chemidplus/rn/10070-48-1,FALSE
2020-09-18T19:05:59Z,https://chem.nlm.nih.gov/chemidplus/rn/595-33-5,FALSE
2020-09-18T19:06:06Z,https://chem.nlm.nih.gov/chemidplus/rn/1801342-60-8,FALSE
2020-09-18T19:06:14Z,https://chem.nlm.nih.gov/chemidplus/rn/107103-81-1,FALSE
2020-09-18T19:06:22Z,https://chem.nlm.nih.gov/chemidplus/rn/61-76-7,FALSE
2020-09-18T19:06:29Z,https://chem.nlm.nih.gov/chemidplus/rn/528-74-5,FALSE
2020-09-18T19:06:36Z,https://chem.nlm.nih.gov/chemidplus/rn/518-47-8,FALSE
2020-09-18T19:06:44Z,https://chem.nlm.nih.gov/chemidplus/rn/8006-42-6,FALSE
2020-09-18T19:06:52Z,https://chem.nlm.nih.gov/chemidplus/rn/15686-71-2,FALSE
2020-09-18T19:06:59Z,https://chem.nlm.nih.gov/chemidplus/rn/69522-59-4,FALSE
2020-09-18T19:07:07Z,https://chem.nlm.nih.gov/chemidplus/rn/52-85-7,FALSE
2020-09-18T19:07:24Z,https://chem.nlm.nih.gov/chemidplus/rn/85721-33-1,FALSE
2020-09-18T19:07:31Z,https://chem.nlm.nih.gov/chemidplus/rn/30652-11-0,FALSE
2020-09-18T19:07:53Z,https://chem.nlm.nih.gov/chemidplus/rn/68956-68-3,FALSE
2020-09-18T19:08:01Z,https://chem.nlm.nih.gov/chemidplus/rn/158966-92-8,FALSE
2020-09-18T19:08:04Z,https://chem.nlm.nih.gov/chemidplus/rn/50-19-1,FALSE
2020-09-18T19:08:08Z,https://chem.nlm.nih.gov/chemidplus/rn/82839-23-4,FALSE
2020-09-18T19:08:11Z,https://chem.nlm.nih.gov/chemidplus/rn/972-02-1,FALSE
2020-09-18T19:08:19Z,https://chem.nlm.nih.gov/chemidplus/rn/526-35-2,FALSE
2020-09-18T19:08:26Z,https://chem.nlm.nih.gov/chemidplus/rn/77-58-7,FALSE
2020-09-18T19:08:37Z,https://chem.nlm.nih.gov/chemidplus/rn/57852-57-0,FALSE
2020-09-18T19:08:45Z,https://chem.nlm.nih.gov/chemidplus/rn/298-81-7,FALSE
2020-09-18T19:08:48Z,https://chem.nlm.nih.gov/chemidplus/rn/521-61-9,FALSE
2020-09-18T19:08:51Z,https://chem.nlm.nih.gov/chemidplus/rn/123948-87-8,FALSE
2020-09-18T19:08:58Z,https://chem.nlm.nih.gov/chemidplus/rn/1467052-75-0,FALSE
2020-09-18T19:09:07Z,https://chem.nlm.nih.gov/chemidplus/rn/4499-01-8,FALSE
2020-09-18T19:09:14Z,https://chem.nlm.nih.gov/chemidplus/rn/303-16-2,FALSE
2020-09-18T19:09:21Z,https://chem.nlm.nih.gov/chemidplus/rn/1021802359-98-3,FALSE
2020-09-18T19:09:25Z,https://chem.nlm.nih.gov/chemidplus/rn/156090-17-4,FALSE
2020-09-18T19:09:33Z,https://chem.nlm.nih.gov/chemidplus/rn/1160170-00-2,FALSE
2020-09-18T19:09:41Z,https://chem.nlm.nih.gov/chemidplus/rn/121756-85-2,FALSE
2020-09-18T19:09:44Z,https://chem.nlm.nih.gov/chemidplus/rn/106854-46-0,FALSE
2020-09-18T19:09:54Z,https://chem.nlm.nih.gov/chemidplus/rn/745013-59-6,FALSE
2020-09-18T19:10:08Z,https://chem.nlm.nih.gov/chemidplus/rn/61550-88-7,FALSE
2020-09-18T19:10:12Z,https://chem.nlm.nih.gov/chemidplus/rn/50-31-7,FALSE
2020-09-18T19:10:20Z,https://chem.nlm.nih.gov/chemidplus/rn/35457-80-8,FALSE
2020-09-18T19:10:36Z,https://chem.nlm.nih.gov/chemidplus/rn/1137608-69-5,FALSE
2020-09-18T19:10:40Z,https://chem.nlm.nih.gov/chemidplus/rn/872200-47-0,FALSE
2020-09-18T19:10:43Z,https://chem.nlm.nih.gov/chemidplus/rn/104987-11-3,FALSE
2020-09-18T19:10:50Z,https://chem.nlm.nih.gov/chemidplus/rn/101409-94-3,FALSE
2020-09-18T19:10:57Z,https://chem.nlm.nih.gov/chemidplus/rn/144675-97-8,FALSE
2020-09-18T19:11:02Z,https://chem.nlm.nih.gov/chemidplus/rn/68318-20-7,FALSE
2020-09-18T19:11:09Z,https://chem.nlm.nih.gov/chemidplus/rn/699313-73-2,FALSE
2020-09-18T19:11:13Z,https://chem.nlm.nih.gov/chemidplus/rn/1197-18-8,FALSE
2020-09-18T19:11:21Z,https://chem.nlm.nih.gov/chemidplus/rn/76712-82-8,FALSE
2020-09-18T19:11:28Z,https://chem.nlm.nih.gov/chemidplus/rn/298-57-7,FALSE
2020-09-18T19:11:36Z,https://chem.nlm.nih.gov/chemidplus/rn/4350-09-8,FALSE
2020-09-18T19:11:44Z,https://chem.nlm.nih.gov/chemidplus/rn/59322-44-0,FALSE
2020-09-18T19:11:51Z,https://chem.nlm.nih.gov/chemidplus/rn/360-97-4,FALSE
2020-09-18T19:11:59Z,https://chem.nlm.nih.gov/chemidplus/rn/5307-51-7,FALSE
2020-09-18T19:12:06Z,https://chem.nlm.nih.gov/chemidplus/rn/63-29-6,FALSE
2020-09-18T19:12:14Z,https://chem.nlm.nih.gov/chemidplus/rn/8057-37-2,FALSE
2020-09-18T19:12:21Z,https://chem.nlm.nih.gov/chemidplus/rn/554-18-7,FALSE
2020-09-18T19:12:29Z,https://chem.nlm.nih.gov/chemidplus/rn/148-07-2,FALSE
2020-09-18T19:12:36Z,https://chem.nlm.nih.gov/chemidplus/rn/319460-85-0,FALSE
2020-09-18T19:12:43Z,https://chem.nlm.nih.gov/chemidplus/rn/1229208-44-9,FALSE
2020-09-18T19:12:51Z,https://chem.nlm.nih.gov/chemidplus/rn/54-80-8,FALSE
2020-09-18T19:12:58Z,https://chem.nlm.nih.gov/chemidplus/rn/58-22-0,FALSE
2020-09-18T19:13:05Z,https://chem.nlm.nih.gov/chemidplus/rn/3211-76-5,FALSE
2020-09-18T19:13:13Z,https://chem.nlm.nih.gov/chemidplus/rn/144-75-2,FALSE
2020-09-18T19:13:20Z,https://chem.nlm.nih.gov/chemidplus/rn/59-33-6,FALSE
2020-09-18T19:13:27Z,https://chem.nlm.nih.gov/chemidplus/rn/457-60-3,FALSE
2020-09-18T19:13:34Z,https://chem.nlm.nih.gov/chemidplus/rn/1309-64-4,FALSE
2020-09-18T19:13:42Z,https://chem.nlm.nih.gov/chemidplus/rn/16618960355-37-7,FALSE
2020-09-18T19:13:46Z,https://chem.nlm.nih.gov/chemidplus/rn/121181-53-1,FALSE
2020-09-18T19:14:01Z,https://chem.nlm.nih.gov/chemidplus/rn/155775-04-5,FALSE
2020-09-18T19:14:08Z,https://chem.nlm.nih.gov/chemidplus/rn/12074460741-57-5,FALSE
2020-09-18T19:14:12Z,https://chem.nlm.nih.gov/chemidplus/rn/11028-14-1,FALSE
2020-09-18T19:14:20Z,https://chem.nlm.nih.gov/chemidplus/rn/526-18-1,FALSE
2020-09-18T19:14:28Z,https://chem.nlm.nih.gov/chemidplus/rn/181054-95-5,FALSE
2020-09-18T19:14:35Z,https://chem.nlm.nih.gov/chemidplus/rn/125-04-2,FALSE
2020-09-18T19:14:43Z,https://chem.nlm.nih.gov/chemidplus/rn/138846-62-5,FALSE
2020-09-18T19:14:50Z,https://chem.nlm.nih.gov/chemidplus/rn/2098-66-0,FALSE
2020-09-18T19:14:57Z,https://chem.nlm.nih.gov/chemidplus/rn/55-86-7,FALSE
2020-09-18T19:15:05Z,https://chem.nlm.nih.gov/chemidplus/rn/641571-10-0,FALSE
2020-09-18T19:15:12Z,https://chem.nlm.nih.gov/chemidplus/rn/959-24-0,FALSE
2020-09-18T19:15:26Z,https://chem.nlm.nih.gov/chemidplus/rn/12225-74-0,FALSE
2020-09-18T19:15:34Z,https://chem.nlm.nih.gov/chemidplus/rn/96-21-9,FALSE
2020-09-18T19:15:41Z,https://chem.nlm.nih.gov/chemidplus/rn/79-34-5,FALSE
2020-09-18T19:15:48Z,https://chem.nlm.nih.gov/chemidplus/rn/77-46-3,FALSE
2020-09-18T19:15:53Z,https://chem.nlm.nih.gov/chemidplus/rn/929904-85-8,FALSE
2020-09-18T19:16:01Z,https://chem.nlm.nih.gov/chemidplus/rn/67-56-1,FALSE
2020-09-18T19:16:08Z,https://chem.nlm.nih.gov/chemidplus/rn/80-35-3,FALSE
2020-09-18T19:16:12Z,https://chem.nlm.nih.gov/chemidplus/rn/135558-11-1,FALSE
2020-09-18T19:16:20Z,https://chem.nlm.nih.gov/chemidplus/rn/534-07-6,FALSE
2020-09-18T19:16:23Z,https://chem.nlm.nih.gov/chemidplus/rn/2809-20-3,FALSE
2020-09-18T19:16:38Z,https://chem.nlm.nih.gov/chemidplus/rn/2398-96-1,FALSE
2020-09-18T19:16:45Z,https://chem.nlm.nih.gov/chemidplus/rn/1465929-42-3,FALSE
2020-09-18T19:16:49Z,https://chem.nlm.nih.gov/chemidplus/rn/72526-13-7,FALSE
2020-09-18T19:16:57Z,https://chem.nlm.nih.gov/chemidplus/rn/135729-62-3,FALSE
2020-09-18T19:17:07Z,https://chem.nlm.nih.gov/chemidplus/rn/1369665-02-0,FALSE
2020-09-18T19:17:09Z,https://chem.nlm.nih.gov/chemidplus/rn/121032-29-9,FALSE
2020-09-18T19:17:13Z,https://chem.nlm.nih.gov/chemidplus/rn/934660-93-2,FALSE
2020-09-18T19:17:20Z,https://chem.nlm.nih.gov/chemidplus/rn/3604-90-8,FALSE
2020-09-18T19:17:27Z,https://chem.nlm.nih.gov/chemidplus/rn/24385-10-2,FALSE
2020-09-18T19:17:32Z,https://chem.nlm.nih.gov/chemidplus/rn/75-97-8,FALSE
2020-09-18T19:17:39Z,https://chem.nlm.nih.gov/chemidplus/rn/191732-72-6,FALSE
2020-09-18T19:17:46Z,https://chem.nlm.nih.gov/chemidplus/rn/37796883365-13-3,FALSE
2020-09-18T19:17:52Z,https://chem.nlm.nih.gov/chemidplus/rn/366-70-1,FALSE
2020-09-18T19:18:00Z,https://chem.nlm.nih.gov/chemidplus/rn/63-91-2,FALSE
2020-09-18T19:18:07Z,https://chem.nlm.nih.gov/chemidplus/rn/82-66-6,FALSE
2020-09-18T19:18:16Z,https://chem.nlm.nih.gov/chemidplus/rn/136572-09-3,FALSE
2020-09-18T19:18:18Z,https://chem.nlm.nih.gov/chemidplus/rn/1047644-62-1,FALSE
2020-09-18T19:18:25Z,https://chem.nlm.nih.gov/chemidplus/rn/116-01-8,FALSE
2020-09-18T19:18:30Z,https://chem.nlm.nih.gov/chemidplus/rn/1393477-72-9,FALSE
2020-09-18T19:18:37Z,https://chem.nlm.nih.gov/chemidplus/rn/6017418-58-5,FALSE
2020-09-18T19:18:41Z,https://chem.nlm.nih.gov/chemidplus/rn/714272-27-2,FALSE
2020-09-18T19:18:49Z,https://chem.nlm.nih.gov/chemidplus/rn/54-36-4,FALSE
2020-09-18T19:18:56Z,https://chem.nlm.nih.gov/chemidplus/rn/30529-16-9,FALSE
2020-09-18T19:19:04Z,https://chem.nlm.nih.gov/chemidplus/rn/62952-06-1,FALSE
2020-09-18T19:19:11Z,https://chem.nlm.nih.gov/chemidplus/rn/1843-82-9,FALSE
2020-09-18T19:19:18Z,https://chem.nlm.nih.gov/chemidplus/rn/1346242-81-6,FALSE
2020-09-18T19:19:26Z,https://chem.nlm.nih.gov/chemidplus/rn/999-81-5,FALSE
2020-09-18T19:19:34Z,https://chem.nlm.nih.gov/chemidplus/rn/131654-46-1,FALSE
2020-09-18T19:19:41Z,https://chem.nlm.nih.gov/chemidplus/rn/6742-07-0,FALSE
2020-09-18T19:19:49Z,https://chem.nlm.nih.gov/chemidplus/rn/848-75-9,FALSE
2020-09-18T19:19:56Z,https://chem.nlm.nih.gov/chemidplus/rn/90-33-5,FALSE
2020-09-18T19:20:04Z,https://chem.nlm.nih.gov/chemidplus/rn/55-38-9,FALSE
2020-09-18T19:20:11Z,https://chem.nlm.nih.gov/chemidplus/rn/53885-35-1,FALSE
2020-09-18T19:20:19Z,https://chem.nlm.nih.gov/chemidplus/rn/83150-76-9,FALSE
2020-09-18T19:20:27Z,https://chem.nlm.nih.gov/chemidplus/rn/50-86-2,FALSE
2020-09-18T19:20:35Z,https://chem.nlm.nih.gov/chemidplus/rn/15148-80-8,FALSE
2020-09-18T19:20:43Z,https://chem.nlm.nih.gov/chemidplus/rn/751-75-7,FALSE
2020-09-18T19:20:52Z,https://chem.nlm.nih.gov/chemidplus/rn/63-98-9,FALSE
2020-09-18T19:20:54Z,https://chem.nlm.nih.gov/chemidplus/rn/50-91-9,FALSE
2020-09-18T19:21:02Z,https://chem.nlm.nih.gov/chemidplus/rn/29122-68-7,FALSE
2020-09-18T19:21:06Z,https://chem.nlm.nih.gov/chemidplus/rn/13422-53-2,FALSE
2020-09-18T19:21:14Z,https://chem.nlm.nih.gov/chemidplus/rn/10143-22-3,FALSE
2020-09-18T19:21:22Z,https://chem.nlm.nih.gov/chemidplus/rn/77-09-8,FALSE
2020-09-18T19:21:30Z,https://chem.nlm.nih.gov/chemidplus/rn/4291-63-8,FALSE
2020-09-18T19:21:37Z,https://chem.nlm.nih.gov/chemidplus/rn/618-82-6,FALSE
2020-09-18T19:21:41Z,https://chem.nlm.nih.gov/chemidplus/rn/81093-37-0,FALSE
2020-09-18T19:21:45Z,https://chem.nlm.nih.gov/chemidplus/rn/1246816-57-8,FALSE
2020-09-18T19:21:53Z,https://chem.nlm.nih.gov/chemidplus/rn/4394-00-7,FALSE
2020-09-18T19:22:00Z,https://chem.nlm.nih.gov/chemidplus/rn/482-35-9,FALSE
2020-09-18T19:22:08Z,https://chem.nlm.nih.gov/chemidplus/rn/93-14-1,FALSE
2020-09-18T19:22:15Z,https://chem.nlm.nih.gov/chemidplus/rn/2778-42-9,FALSE
2020-09-18T19:22:22Z,https://chem.nlm.nih.gov/chemidplus/rn/1194506-26-7,FALSE
2020-09-18T19:22:30Z,https://chem.nlm.nih.gov/chemidplus/rn/689-13-4,FALSE
2020-09-18T19:22:38Z,https://chem.nlm.nih.gov/chemidplus/rn/109581-93-3,FALSE
2020-09-18T19:22:45Z,https://chem.nlm.nih.gov/chemidplus/rn/68844-77-9,FALSE
2020-09-18T19:22:53Z,https://chem.nlm.nih.gov/chemidplus/rn/100-33-4,FALSE
2020-09-18T19:23:00Z,https://chem.nlm.nih.gov/chemidplus/rn/134-50-9,FALSE
2020-09-18T19:23:08Z,https://chem.nlm.nih.gov/chemidplus/rn/60504-57-6,FALSE
2020-09-18T19:23:13Z,https://chem.nlm.nih.gov/chemidplus/rn/68603-42-9,FALSE
2020-09-18T19:23:21Z,https://chem.nlm.nih.gov/chemidplus/rn/56239-24-8,FALSE
2020-09-18T19:23:29Z,https://chem.nlm.nih.gov/chemidplus/rn/274693-27-5,FALSE
2020-09-18T19:23:36Z,https://chem.nlm.nih.gov/chemidplus/rn/524746-13-2,FALSE
2020-09-18T19:23:44Z,https://chem.nlm.nih.gov/chemidplus/rn/15676-23-0,FALSE
2020-09-18T19:23:52Z,https://chem.nlm.nih.gov/chemidplus/rn/118-03-6,FALSE
2020-09-18T19:24:00Z,https://chem.nlm.nih.gov/chemidplus/rn/52-41-5,FALSE
2020-09-18T19:24:07Z,https://chem.nlm.nih.gov/chemidplus/rn/1033805-28-5,FALSE
2020-09-18T19:24:15Z,https://chem.nlm.nih.gov/chemidplus/rn/947687-13-0,FALSE
2020-09-18T19:24:23Z,https://chem.nlm.nih.gov/chemidplus/rn/2809-21-4,FALSE
2020-09-18T19:24:31Z,https://chem.nlm.nih.gov/chemidplus/rn/1577-03-3,FALSE
2020-09-18T19:24:38Z,https://chem.nlm.nih.gov/chemidplus/rn/143011-72-7,FALSE
2020-09-18T19:24:45Z,https://chem.nlm.nih.gov/chemidplus/rn/124-43-6,FALSE
2020-09-18T19:24:49Z,https://chem.nlm.nih.gov/chemidplus/rn/64318-79-2,FALSE
2020-09-18T19:24:57Z,https://chem.nlm.nih.gov/chemidplus/rn/1086-02-8,FALSE
2020-09-18T19:25:04Z,https://chem.nlm.nih.gov/chemidplus/rn/2265-64-7,FALSE
2020-09-18T19:25:12Z,https://chem.nlm.nih.gov/chemidplus/rn/154-41-6,FALSE
2020-09-18T19:25:20Z,https://chem.nlm.nih.gov/chemidplus/rn/865-21-4,FALSE
2020-09-18T19:25:27Z,https://chem.nlm.nih.gov/chemidplus/rn/183133-96-2,FALSE
2020-09-18T19:25:34Z,https://chem.nlm.nih.gov/chemidplus/rn/956104-40-8,FALSE
2020-09-18T19:25:42Z,https://chem.nlm.nih.gov/chemidplus/rn/849217-68-1,FALSE
2020-09-18T19:25:50Z,https://chem.nlm.nih.gov/chemidplus/rn/142192-09-4,FALSE
2020-09-18T19:26:06Z,https://chem.nlm.nih.gov/chemidplus/rn/88546-55-8,FALSE
2020-09-18T19:26:10Z,https://chem.nlm.nih.gov/chemidplus/rn/84499-64-9,FALSE
2020-09-18T19:26:18Z,https://chem.nlm.nih.gov/chemidplus/rn/60-93-5,FALSE
2020-09-18T19:26:26Z,https://chem.nlm.nih.gov/chemidplus/rn/56-94-0,FALSE
2020-09-18T19:26:33Z,https://chem.nlm.nih.gov/chemidplus/rn/7761-45-7,FALSE
2020-09-18T19:26:40Z,https://chem.nlm.nih.gov/chemidplus/rn/804-30-8,FALSE
2020-09-18T19:26:48Z,https://chem.nlm.nih.gov/chemidplus/rn/52-42-6,FALSE
2020-09-18T19:26:55Z,https://chem.nlm.nih.gov/chemidplus/rn/3219-99-6,FALSE
2020-09-18T19:27:02Z,https://chem.nlm.nih.gov/chemidplus/rn/77-75-8,FALSE
2020-09-18T19:27:17Z,https://chem.nlm.nih.gov/chemidplus/rn/54063-24-0,FALSE
2020-09-18T19:27:24Z,https://chem.nlm.nih.gov/chemidplus/rn/117091-64-2,FALSE
2020-09-18T19:27:32Z,https://chem.nlm.nih.gov/chemidplus/rn/671-16-9,FALSE
2020-09-18T19:27:46Z,https://chem.nlm.nih.gov/chemidplus/rn/81093-43-8,FALSE
2020-09-18T19:27:50Z,https://chem.nlm.nih.gov/chemidplus/rn/78-48-8,FALSE
2020-09-18T19:27:57Z,https://chem.nlm.nih.gov/chemidplus/rn/7146-61-4,FALSE
2020-09-18T19:28:05Z,https://chem.nlm.nih.gov/chemidplus/rn/152923-56-3,FALSE
2020-09-18T19:28:09Z,https://chem.nlm.nih.gov/chemidplus/rn/89808-79-7,FALSE
2020-09-18T19:28:17Z,https://chem.nlm.nih.gov/chemidplus/rn/29617-66-1,FALSE
2020-09-18T19:28:21Z,https://chem.nlm.nih.gov/chemidplus/rn/62-38-4,FALSE
2020-09-18T19:28:29Z,https://chem.nlm.nih.gov/chemidplus/rn/26787-78-0,FALSE
2020-09-18T19:28:36Z,https://chem.nlm.nih.gov/chemidplus/rn/929901-49-5,FALSE
2020-09-18T19:28:43Z,https://chem.nlm.nih.gov/chemidplus/rn/92340-57-3,FALSE
2020-09-18T19:28:51Z,https://chem.nlm.nih.gov/chemidplus/rn/61789-18-2,FALSE
2020-09-18T19:28:55Z,https://chem.nlm.nih.gov/chemidplus/rn/51-43-4,FALSE
2020-09-18T19:29:03Z,https://chem.nlm.nih.gov/chemidplus/rn/89778-27-8,FALSE
2020-09-18T19:29:10Z,https://chem.nlm.nih.gov/chemidplus/rn/459868-92-9,FALSE
2020-09-18T19:29:17Z,https://chem.nlm.nih.gov/chemidplus/rn/4972-65-0,FALSE
2020-09-18T19:29:21Z,https://chem.nlm.nih.gov/chemidplus/rn/698387-09-6,FALSE
2020-09-18T19:29:28Z,https://chem.nlm.nih.gov/chemidplus/rn/75-00-3,FALSE
2020-09-18T19:29:32Z,https://chem.nlm.nih.gov/chemidplus/rn/566-48-3,FALSE
2020-09-18T19:29:39Z,https://chem.nlm.nih.gov/chemidplus/rn/113665-84-2,FALSE
2020-09-18T19:29:43Z,https://chem.nlm.nih.gov/chemidplus/rn/134774-45-1,FALSE
2020-09-18T19:29:56Z,https://chem.nlm.nih.gov/chemidplus/rn/138261-41-3,FALSE
2020-09-18T19:29:58Z,https://chem.nlm.nih.gov/chemidplus/rn/55216-11-0,FALSE
2020-09-18T19:30:06Z,https://chem.nlm.nih.gov/chemidplus/rn/27046-19-1,FALSE
2020-09-18T19:30:13Z,https://chem.nlm.nih.gov/chemidplus/rn/50-50-0,FALSE
2020-09-18T19:30:21Z,https://chem.nlm.nih.gov/chemidplus/rn/50-89-5,FALSE
2020-09-18T19:30:28Z,https://chem.nlm.nih.gov/chemidplus/rn/35502-75-1,FALSE
2020-09-18T19:30:42Z,https://chem.nlm.nih.gov/chemidplus/rn/506104987-16-8,FALSE
2020-09-18T19:30:46Z,https://chem.nlm.nih.gov/chemidplus/rn/1403-17-4,FALSE
2020-09-18T19:30:53Z,https://chem.nlm.nih.gov/chemidplus/rn/2128-61-2,FALSE
2020-09-18T19:31:00Z,https://chem.nlm.nih.gov/chemidplus/rn/5632475587-96-1,FALSE
2020-09-18T19:31:04Z,https://chem.nlm.nih.gov/chemidplus/rn/152-02-3,FALSE
2020-09-18T19:31:12Z,https://chem.nlm.nih.gov/chemidplus/rn/2438-32-6,FALSE
2020-09-18T19:31:15Z,https://chem.nlm.nih.gov/chemidplus/rn/124832-27-5,FALSE
2020-09-18T19:31:22Z,https://chem.nlm.nih.gov/chemidplus/rn/183319-69-9,FALSE
2020-09-18T19:31:26Z,https://chem.nlm.nih.gov/chemidplus/rn/101-14-4,FALSE
2020-09-18T19:31:34Z,https://chem.nlm.nih.gov/chemidplus/rn/221373-18-8,FALSE
2020-09-18T19:31:42Z,https://chem.nlm.nih.gov/chemidplus/rn/506135635-47-1,FALSE
2020-09-18T19:31:47Z,https://chem.nlm.nih.gov/chemidplus/rn/75281-25-3,FALSE
2020-09-18T19:31:54Z,https://chem.nlm.nih.gov/chemidplus/rn/35-67-6,FALSE
2020-09-18T19:31:58Z,https://chem.nlm.nih.gov/chemidplus/rn/161262-45-9,FALSE
2020-09-18T19:32:05Z,https://chem.nlm.nih.gov/chemidplus/rn/202271-89-4,FALSE
2020-09-18T19:32:10Z,https://chem.nlm.nih.gov/chemidplus/rn/136958-00-4,FALSE
2020-09-18T19:32:17Z,https://chem.nlm.nih.gov/chemidplus/rn/103639-04-9,FALSE
2020-09-18T19:32:22Z,https://chem.nlm.nih.gov/chemidplus/rn/62-37-3,FALSE
2020-09-18T19:32:29Z,https://chem.nlm.nih.gov/chemidplus/rn/606-45-1,FALSE
2020-09-18T19:32:36Z,https://chem.nlm.nih.gov/chemidplus/rn/877399-52-5,FALSE
2020-09-18T19:32:43Z,https://chem.nlm.nih.gov/chemidplus/rn/22423-39-8,FALSE
2020-09-18T19:32:51Z,https://chem.nlm.nih.gov/chemidplus/rn/345-78-8,FALSE
2020-09-18T19:32:58Z,https://chem.nlm.nih.gov/chemidplus/rn/288383-20-0,FALSE
2020-09-18T19:33:13Z,https://chem.nlm.nih.gov/chemidplus/rn/9601618186-55-5,FALSE
2020-09-18T19:33:17Z,https://chem.nlm.nih.gov/chemidplus/rn/146697-04-3,FALSE
2020-09-18T19:33:25Z,https://chem.nlm.nih.gov/chemidplus/rn/129-06-6,FALSE
2020-09-18T19:33:29Z,https://chem.nlm.nih.gov/chemidplus/rn/9001-26-7,FALSE
2020-09-18T19:33:37Z,https://chem.nlm.nih.gov/chemidplus/rn/482-27-9,FALSE
2020-09-18T19:33:49Z,https://chem.nlm.nih.gov/chemidplus/rn/7782-63-0,FALSE
2020-09-18T19:33:52Z,https://chem.nlm.nih.gov/chemidplus/rn/63659-18-7,FALSE
2020-09-18T19:33:59Z,https://chem.nlm.nih.gov/chemidplus/rn/1380723-44-3,FALSE
2020-09-18T19:34:07Z,https://chem.nlm.nih.gov/chemidplus/rn/123774-72-1,FALSE
2020-09-18T19:34:10Z,https://chem.nlm.nih.gov/chemidplus/rn/165800-08-8,FALSE
2020-09-18T19:34:18Z,https://chem.nlm.nih.gov/chemidplus/rn/388082-78-8,FALSE
2020-09-18T19:34:25Z,https://chem.nlm.nih.gov/chemidplus/rn/545-55-1,FALSE
2020-09-18T19:34:33Z,https://chem.nlm.nih.gov/chemidplus/rn/52128-36-6,FALSE
2020-09-18T19:34:40Z,https://chem.nlm.nih.gov/chemidplus/rn/1332-58-7,FALSE
2020-09-18T19:34:48Z,https://chem.nlm.nih.gov/chemidplus/rn/1256639-86-7,FALSE
2020-09-18T19:34:55Z,https://chem.nlm.nih.gov/chemidplus/rn/521-78-8,FALSE
2020-09-18T19:35:02Z,https://chem.nlm.nih.gov/chemidplus/rn/937272-79-2,FALSE
2020-09-18T19:35:10Z,https://chem.nlm.nih.gov/chemidplus/rn/114-26-1,FALSE
2020-09-18T19:35:13Z,https://chem.nlm.nih.gov/chemidplus/rn/1134-47-0,FALSE
2020-09-18T19:35:17Z,https://chem.nlm.nih.gov/chemidplus/rn/52760-99-3,FALSE
2020-09-18T19:35:24Z,https://chem.nlm.nih.gov/chemidplus/rn/55142-85-3,FALSE
2020-09-18T19:35:32Z,https://chem.nlm.nih.gov/chemidplus/rn/935888-69-0,FALSE
2020-09-18T19:35:39Z,https://chem.nlm.nih.gov/chemidplus/rn/85-34-7,FALSE
2020-09-18T19:35:46Z,https://chem.nlm.nih.gov/chemidplus/rn/164656-23-9,FALSE
2020-09-18T19:35:54Z,https://chem.nlm.nih.gov/chemidplus/rn/552-80-7,FALSE
2020-09-18T19:36:01Z,https://chem.nlm.nih.gov/chemidplus/rn/11027-57-9,FALSE
2020-09-18T19:36:08Z,https://chem.nlm.nih.gov/chemidplus/rn/434-07-1,FALSE
2020-09-18T19:36:17Z,https://chem.nlm.nih.gov/chemidplus/rn/1192706-53-8,FALSE
2020-09-18T19:36:24Z,https://chem.nlm.nih.gov/chemidplus/rn/915087-33-1,FALSE
2020-09-18T19:36:37Z,https://chem.nlm.nih.gov/chemidplus/rn/635702-64-6,FALSE
2020-09-18T19:36:40Z,https://chem.nlm.nih.gov/chemidplus/rn/57-68-1,FALSE
2020-09-18T19:36:47Z,https://chem.nlm.nih.gov/chemidplus/rn/58-68-4,FALSE
2020-09-18T19:37:01Z,https://chem.nlm.nih.gov/chemidplus/rn/117772-70-0,FALSE
2020-09-18T19:37:09Z,https://chem.nlm.nih.gov/chemidplus/rn/4671-03-8,FALSE
2020-09-18T19:37:17Z,https://chem.nlm.nih.gov/chemidplus/rn/857402-23-4,FALSE
2020-09-18T19:37:25Z,https://chem.nlm.nih.gov/chemidplus/rn/1233196-91-2,FALSE
2020-09-18T19:37:32Z,https://chem.nlm.nih.gov/chemidplus/rn/279253354-97-0,FALSE
2020-09-18T19:37:36Z,https://chem.nlm.nih.gov/chemidplus/rn/56-81-5,FALSE
2020-09-18T19:37:43Z,https://chem.nlm.nih.gov/chemidplus/rn/57-62-5,FALSE
2020-09-18T19:37:48Z,https://chem.nlm.nih.gov/chemidplus/rn/888216-25-9,FALSE
2020-09-18T19:37:56Z,https://chem.nlm.nih.gov/chemidplus/rn/797-63-7,FALSE
2020-09-18T19:37:59Z,https://chem.nlm.nih.gov/chemidplus/rn/66341-18-2,FALSE
2020-09-18T19:38:08Z,https://chem.nlm.nih.gov/chemidplus/rn/1303-00-0,FALSE
2020-09-18T19:38:15Z,https://chem.nlm.nih.gov/chemidplus/rn/2101829-58-5,FALSE
2020-09-18T19:38:29Z,https://chem.nlm.nih.gov/chemidplus/rn/9047-07-8,FALSE
2020-09-18T19:38:37Z,https://chem.nlm.nih.gov/chemidplus/rn/10592-13-9,FALSE
2020-09-18T19:38:44Z,https://chem.nlm.nih.gov/chemidplus/rn/50-42-0,FALSE
2020-09-18T19:38:52Z,https://chem.nlm.nih.gov/chemidplus/rn/81176-41-2,FALSE
2020-09-18T19:39:00Z,https://chem.nlm.nih.gov/chemidplus/rn/14929-11-4,FALSE
2020-09-18T19:39:08Z,https://chem.nlm.nih.gov/chemidplus/rn/106-02-5,FALSE
2020-09-18T19:39:11Z,https://chem.nlm.nih.gov/chemidplus/rn/78355-48-3,FALSE
2020-09-18T19:39:18Z,https://chem.nlm.nih.gov/chemidplus/rn/117-42-0,FALSE
2020-09-18T19:39:26Z,https://chem.nlm.nih.gov/chemidplus/rn/100981-43-9,FALSE
2020-09-18T19:39:49Z,https://chem.nlm.nih.gov/chemidplus/rn/57576-44-0,FALSE
2020-09-18T19:40:03Z,https://chem.nlm.nih.gov/chemidplus/rn/33433-82-8,FALSE
2020-09-18T19:40:11Z,https://chem.nlm.nih.gov/chemidplus/rn/1405-52-3,FALSE
2020-09-18T19:40:18Z,https://chem.nlm.nih.gov/chemidplus/rn/104010-37-9,FALSE
2020-09-18T19:40:22Z,https://chem.nlm.nih.gov/chemidplus/rn/341505-73-5,FALSE
2020-09-18T19:40:29Z,https://chem.nlm.nih.gov/chemidplus/rn/1140909-48-3,FALSE
2020-09-18T19:40:37Z,https://chem.nlm.nih.gov/chemidplus/rn/74899-72-2,FALSE
2020-09-18T19:40:52Z,https://chem.nlm.nih.gov/chemidplus/rn/827022-32-2,FALSE
2020-09-18T19:40:55Z,https://chem.nlm.nih.gov/chemidplus/rn/6543-77-7,FALSE
2020-09-18T19:40:59Z,https://chem.nlm.nih.gov/chemidplus/rn/97666-60-9,FALSE
2020-09-18T19:41:07Z,https://chem.nlm.nih.gov/chemidplus/rn/106-89-8,FALSE
2020-09-18T19:41:14Z,https://chem.nlm.nih.gov/chemidplus/rn/15686-51-8,FALSE
2020-09-18T19:41:21Z,https://chem.nlm.nih.gov/chemidplus/rn/1446700-26-0,FALSE
2020-09-18T19:41:29Z,https://chem.nlm.nih.gov/chemidplus/rn/9008-11-1,FALSE
2020-09-18T19:41:36Z,https://chem.nlm.nih.gov/chemidplus/rn/76359-32-5,FALSE
2020-09-18T19:41:44Z,https://chem.nlm.nih.gov/chemidplus/rn/125-84-8,FALSE
2020-09-18T19:41:51Z,https://chem.nlm.nih.gov/chemidplus/rn/219685-50-4,FALSE
2020-09-18T19:41:58Z,https://chem.nlm.nih.gov/chemidplus/rn/175865-64-2,FALSE
2020-09-18T19:42:05Z,https://chem.nlm.nih.gov/chemidplus/rn/1698-60-8,FALSE
2020-09-18T19:42:19Z,https://chem.nlm.nih.gov/chemidplus/rn/147245-92-9,FALSE
2020-09-18T19:42:26Z,https://chem.nlm.nih.gov/chemidplus/rn/6829-31-8,FALSE
2020-09-18T19:42:33Z,https://chem.nlm.nih.gov/chemidplus/rn/63132-38-7,FALSE
2020-09-18T19:42:40Z,https://chem.nlm.nih.gov/chemidplus/rn/72301-79-2,FALSE
2020-09-18T19:42:48Z,https://chem.nlm.nih.gov/chemidplus/rn/113402-31-6,FALSE
2020-09-18T19:42:55Z,https://chem.nlm.nih.gov/chemidplus/rn/69388-79-0,FALSE
2020-09-18T19:43:02Z,https://chem.nlm.nih.gov/chemidplus/rn/73-48-3,FALSE
2020-09-18T19:43:10Z,https://chem.nlm.nih.gov/chemidplus/rn/54143-57-6,FALSE
2020-09-18T19:43:17Z,https://chem.nlm.nih.gov/chemidplus/rn/54-03-5,FALSE
2020-09-18T19:43:25Z,https://chem.nlm.nih.gov/chemidplus/rn/23593-75-1,FALSE
2020-09-18T19:43:28Z,https://chem.nlm.nih.gov/chemidplus/rn/549-40-6,FALSE
2020-09-18T19:43:35Z,https://chem.nlm.nih.gov/chemidplus/rn/6452-71-7,FALSE
2020-09-18T19:43:43Z,https://chem.nlm.nih.gov/chemidplus/rn/103-90-2,FALSE
2020-09-18T19:43:51Z,https://chem.nlm.nih.gov/chemidplus/rn/1239908-20-3,FALSE
2020-09-18T19:43:59Z,https://chem.nlm.nih.gov/chemidplus/rn/75330-75-5,FALSE
2020-09-18T19:44:06Z,https://chem.nlm.nih.gov/chemidplus/rn/26278-79-5,FALSE
2020-09-18T19:44:14Z,https://chem.nlm.nih.gov/chemidplus/rn/10596-23-3,FALSE
2020-09-18T19:44:21Z,https://chem.nlm.nih.gov/chemidplus/rn/389625-61-0,FALSE
2020-09-18T19:44:28Z,https://chem.nlm.nih.gov/chemidplus/rn/122-18-9,FALSE
2020-09-18T19:44:35Z,https://chem.nlm.nih.gov/chemidplus/rn/4618-18-2,FALSE
2020-09-18T19:44:43Z,https://chem.nlm.nih.gov/chemidplus/rn/66996-52-9,FALSE
2020-09-18T19:44:54Z,https://chem.nlm.nih.gov/chemidplus/rn/16893-05-3,FALSE
2020-09-18T19:44:56Z,https://chem.nlm.nih.gov/chemidplus/rn/79391-09-6,FALSE
2020-09-18T19:45:04Z,https://chem.nlm.nih.gov/chemidplus/rn/906805-06-9,FALSE
2020-09-18T19:45:18Z,https://chem.nlm.nih.gov/chemidplus/rn/180288-69-1,FALSE
2020-09-18T19:45:26Z,https://chem.nlm.nih.gov/chemidplus/rn/127-85-5,FALSE
2020-09-18T19:45:28Z,https://chem.nlm.nih.gov/chemidplus/rn/3385-03-3,FALSE
2020-09-18T19:45:36Z,https://chem.nlm.nih.gov/chemidplus/rn/71-73-8,FALSE
2020-09-18T19:45:50Z,https://chem.nlm.nih.gov/chemidplus/rn/25155-30-0,FALSE
2020-09-18T19:45:58Z,https://chem.nlm.nih.gov/chemidplus/rn/100986-85-4,FALSE
2020-09-18T19:46:05Z,https://chem.nlm.nih.gov/chemidplus/rn/2753-45-9,FALSE
2020-09-18T19:46:12Z,https://chem.nlm.nih.gov/chemidplus/rn/149-64-4,FALSE
2020-09-18T19:46:21Z,https://chem.nlm.nih.gov/chemidplus/rn/536-01-6,FALSE
2020-09-18T19:46:28Z,https://chem.nlm.nih.gov/chemidplus/rn/523-87-5,FALSE
2020-09-18T19:46:35Z,https://chem.nlm.nih.gov/chemidplus/rn/169031643852-84-9,FALSE
2020-09-18T19:46:39Z,https://chem.nlm.nih.gov/chemidplus/rn/57808-66-9,FALSE
2020-09-18T19:46:46Z,https://chem.nlm.nih.gov/chemidplus/rn/162652-95-1,FALSE
2020-09-18T19:46:54Z,https://chem.nlm.nih.gov/chemidplus/rn/23256-42-0,FALSE
2020-09-18T19:46:56Z,https://chem.nlm.nih.gov/chemidplus/rn/830-89-7,FALSE
2020-09-18T19:47:03Z,https://chem.nlm.nih.gov/chemidplus/rn/55-91-4,FALSE
2020-09-18T19:47:10Z,https://chem.nlm.nih.gov/chemidplus/rn/145785-63-3,FALSE
2020-09-18T19:47:18Z,https://chem.nlm.nih.gov/chemidplus/rn/78287-24-8,FALSE
2020-09-18T19:47:25Z,https://chem.nlm.nih.gov/chemidplus/rn/1660-95-3,FALSE
2020-09-18T19:47:32Z,https://chem.nlm.nih.gov/chemidplus/rn/5714-90-9,FALSE
2020-09-18T19:47:40Z,https://chem.nlm.nih.gov/chemidplus/rn/2169232-81-7,FALSE
2020-09-18T19:47:47Z,https://chem.nlm.nih.gov/chemidplus/rn/99614-01-4,FALSE
2020-09-18T19:47:54Z,https://chem.nlm.nih.gov/chemidplus/rn/4023-00-1,FALSE
2020-09-18T19:47:58Z,https://chem.nlm.nih.gov/chemidplus/rn/7007-76-3,FALSE
2020-09-18T19:48:05Z,https://chem.nlm.nih.gov/chemidplus/rn/50-00-0,FALSE
2020-09-18T19:48:12Z,https://chem.nlm.nih.gov/chemidplus/rn/104227-87-4,FALSE
2020-09-18T19:48:19Z,https://chem.nlm.nih.gov/chemidplus/rn/783355-60-2,FALSE
2020-09-18T19:48:34Z,https://chem.nlm.nih.gov/chemidplus/rn/64382-04-3,FALSE
2020-09-18T19:48:41Z,https://chem.nlm.nih.gov/chemidplus/rn/117305-33-6,FALSE
2020-09-18T19:48:49Z,https://chem.nlm.nih.gov/chemidplus/rn/1263283-43-7,FALSE
2020-09-18T19:48:56Z,https://chem.nlm.nih.gov/chemidplus/rn/618385-01-6,FALSE
2020-09-18T19:49:03Z,https://chem.nlm.nih.gov/chemidplus/rn/152-47-6,FALSE
2020-09-18T19:49:11Z,https://chem.nlm.nih.gov/chemidplus/rn/1396257-94-5,FALSE
2020-09-18T19:49:18Z,https://chem.nlm.nih.gov/chemidplus/rn/68252-19-7,FALSE
2020-09-18T19:49:26Z,https://chem.nlm.nih.gov/chemidplus/rn/492-13-7,FALSE
2020-09-18T19:49:33Z,https://chem.nlm.nih.gov/chemidplus/rn/50-76-0,FALSE
2020-09-18T19:49:41Z,https://chem.nlm.nih.gov/chemidplus/rn/733030-01-8,FALSE
2020-09-18T19:49:56Z,https://chem.nlm.nih.gov/chemidplus/rn/59-26-7,FALSE
2020-09-18T19:50:04Z,https://chem.nlm.nih.gov/chemidplus/rn/157716-52-4,FALSE
2020-09-18T19:50:11Z,https://chem.nlm.nih.gov/chemidplus/rn/862111-32-8,FALSE
2020-09-18T19:50:19Z,https://chem.nlm.nih.gov/chemidplus/rn/94168-98-6,FALSE
2020-09-18T19:50:26Z,https://chem.nlm.nih.gov/chemidplus/rn/57-91-0,FALSE
2020-09-18T19:50:34Z,https://chem.nlm.nih.gov/chemidplus/rn/41658-12-2,FALSE
2020-09-18T19:50:41Z,https://chem.nlm.nih.gov/chemidplus/rn/15224-88-1,FALSE
2020-09-18T19:50:48Z,https://chem.nlm.nih.gov/chemidplus/rn/573-58-0,FALSE
2020-09-18T19:50:56Z,https://chem.nlm.nih.gov/chemidplus/rn/872514-65-3,FALSE
2020-09-18T19:51:03Z,https://chem.nlm.nih.gov/chemidplus/rn/211915-06-9,FALSE
2020-09-18T19:51:11Z,https://chem.nlm.nih.gov/chemidplus/rn/154-42-7,FALSE
2020-09-18T19:51:18Z,https://chem.nlm.nih.gov/chemidplus/rn/3896-11-5,FALSE
2020-09-18T19:51:25Z,https://chem.nlm.nih.gov/chemidplus/rn/39236-46-9,FALSE
2020-09-18T19:51:33Z,https://chem.nlm.nih.gov/chemidplus/rn/317-34-0,FALSE
2020-09-18T19:51:40Z,https://chem.nlm.nih.gov/chemidplus/rn/143-50-0,FALSE
2020-09-18T19:51:44Z,https://chem.nlm.nih.gov/chemidplus/rn/109-43-3,FALSE
2020-09-18T19:51:52Z,https://chem.nlm.nih.gov/chemidplus/rn/56390-09-1,FALSE
2020-09-18T19:51:59Z,https://chem.nlm.nih.gov/chemidplus/rn/135729-61-2,FALSE
2020-09-18T19:52:03Z,https://chem.nlm.nih.gov/chemidplus/rn/39516-21-7,FALSE
2020-09-18T19:52:06Z,https://chem.nlm.nih.gov/chemidplus/rn/79735-36-7,FALSE
2020-09-18T19:52:09Z,https://chem.nlm.nih.gov/chemidplus/rn/104239-97-6,FALSE
2020-09-18T19:52:13Z,https://chem.nlm.nih.gov/chemidplus/rn/151519-50-5,FALSE
2020-09-18T19:52:16Z,https://chem.nlm.nih.gov/chemidplus/rn/146426-40-6,FALSE
2020-09-18T19:52:32Z,https://chem.nlm.nih.gov/chemidplus/rn/7460-12-0,FALSE
2020-09-18T19:52:39Z,https://chem.nlm.nih.gov/chemidplus/rn/54063-57-9,FALSE
2020-09-18T19:52:46Z,https://chem.nlm.nih.gov/chemidplus/rn/17316-67-5,FALSE
2020-09-18T19:52:50Z,https://chem.nlm.nih.gov/chemidplus/rn/51-03-6,FALSE
2020-09-18T19:52:58Z,https://chem.nlm.nih.gov/chemidplus/rn/151767-02-1,FALSE
2020-09-18T19:53:05Z,https://chem.nlm.nih.gov/chemidplus/rn/2121525-08-2,FALSE
2020-09-18T19:53:12Z,https://chem.nlm.nih.gov/chemidplus/rn/20537-88-6,FALSE
2020-09-18T19:53:20Z,https://chem.nlm.nih.gov/chemidplus/rn/132-22-9,FALSE
2020-09-18T19:53:27Z,https://chem.nlm.nih.gov/chemidplus/rn/4562-39-4,FALSE
2020-09-18T19:53:34Z,https://chem.nlm.nih.gov/chemidplus/rn/53-60-1,FALSE
2020-09-18T19:53:41Z,https://chem.nlm.nih.gov/chemidplus/rn/52495-71-3,FALSE
2020-09-18T19:53:48Z,https://chem.nlm.nih.gov/chemidplus/rn/51-68-3,FALSE
2020-09-18T19:53:55Z,https://chem.nlm.nih.gov/chemidplus/rn/2097-17-8,FALSE
2020-09-18T19:54:03Z,https://chem.nlm.nih.gov/chemidplus/rn/8013-11-4,FALSE
2020-09-18T19:54:10Z,https://chem.nlm.nih.gov/chemidplus/rn/15699-18-0,FALSE
2020-09-18T19:54:18Z,https://chem.nlm.nih.gov/chemidplus/rn/123482-23-5,FALSE
2020-09-18T19:54:25Z,https://chem.nlm.nih.gov/chemidplus/rn/7421-40-1,FALSE
2020-09-18T19:54:33Z,https://chem.nlm.nih.gov/chemidplus/rn/73-03-0,FALSE
2020-09-18T19:54:40Z,https://chem.nlm.nih.gov/chemidplus/rn/80147-35-9,FALSE
2020-09-18T19:54:47Z,https://chem.nlm.nih.gov/chemidplus/rn/952-54-5,FALSE
2020-09-18T19:54:54Z,https://chem.nlm.nih.gov/chemidplus/rn/275183355113-98-3,FALSE
2020-09-18T19:55:02Z,https://chem.nlm.nih.gov/chemidplus/rn/10918314-45-1,FALSE
2020-09-18T19:55:06Z,https://chem.nlm.nih.gov/chemidplus/rn/116285-37-1,FALSE
2020-09-18T19:55:15Z,https://chem.nlm.nih.gov/chemidplus/rn/918639-08-4,FALSE
2020-09-18T19:55:22Z,https://chem.nlm.nih.gov/chemidplus/rn/1005-93-2,FALSE
2020-09-18T19:55:30Z,https://chem.nlm.nih.gov/chemidplus/rn/37933-78-1,FALSE
2020-09-18T19:55:37Z,https://chem.nlm.nih.gov/chemidplus/rn/83097-12-5,FALSE
2020-09-18T19:55:44Z,https://chem.nlm.nih.gov/chemidplus/rn/40596-69-8,FALSE
2020-09-18T19:55:52Z,https://chem.nlm.nih.gov/chemidplus/rn/70033-59-9,FALSE
2020-09-18T19:56:00Z,https://chem.nlm.nih.gov/chemidplus/rn/130-80-3,FALSE
2020-09-18T19:56:07Z,https://chem.nlm.nih.gov/chemidplus/rn/1372645-37-8,FALSE
2020-09-18T19:56:14Z,https://chem.nlm.nih.gov/chemidplus/rn/1220999-07-4,FALSE
2020-09-18T19:56:21Z,https://chem.nlm.nih.gov/chemidplus/rn/621-42-1,FALSE
2020-09-18T19:56:29Z,https://chem.nlm.nih.gov/chemidplus/rn/3011-89-0,FALSE
2020-09-18T19:56:36Z,https://chem.nlm.nih.gov/chemidplus/rn/872511-34-7,FALSE
2020-09-18T19:56:43Z,https://chem.nlm.nih.gov/chemidplus/rn/1018448-65-1,FALSE
2020-09-18T19:56:50Z,https://chem.nlm.nih.gov/chemidplus/rn/235428-87-2,FALSE
2020-09-18T19:56:57Z,https://chem.nlm.nih.gov/chemidplus/rn/12607-92-0,FALSE
2020-09-18T19:57:01Z,https://chem.nlm.nih.gov/chemidplus/rn/130455-76-4,FALSE
2020-09-18T19:57:09Z,https://chem.nlm.nih.gov/chemidplus/rn/84650-64-6,FALSE
2020-09-18T19:57:12Z,https://chem.nlm.nih.gov/chemidplus/rn/37248-47-8,FALSE
2020-09-18T19:57:20Z,https://chem.nlm.nih.gov/chemidplus/rn/56323-43-4,FALSE
2020-09-18T19:57:27Z,https://chem.nlm.nih.gov/chemidplus/rn/123408-73-1,FALSE
2020-09-18T19:57:33Z,https://chem.nlm.nih.gov/chemidplus/rn/515489-77-0,FALSE
2020-09-18T19:57:38Z,https://chem.nlm.nih.gov/chemidplus/rn/17306-46-6,FALSE
2020-09-18T19:57:45Z,https://chem.nlm.nih.gov/chemidplus/rn/56-47-3,FALSE
2020-09-18T19:57:52Z,https://chem.nlm.nih.gov/chemidplus/rn/76824-14-1,FALSE
2020-09-18T19:58:00Z,https://chem.nlm.nih.gov/chemidplus/rn/55-47-0,FALSE
2020-09-18T19:58:07Z,https://chem.nlm.nih.gov/chemidplus/rn/40391-99-9,FALSE
2020-09-18T19:58:14Z,https://chem.nlm.nih.gov/chemidplus/rn/1218778-77-8,FALSE
2020-09-18T19:58:21Z,https://chem.nlm.nih.gov/chemidplus/rn/1197953-54-0,FALSE
2020-09-18T19:58:28Z,https://chem.nlm.nih.gov/chemidplus/rn/92205-21-5,FALSE
2020-09-18T19:58:35Z,https://chem.nlm.nih.gov/chemidplus/rn/441351-32-2,FALSE
2020-09-18T19:58:43Z,https://chem.nlm.nih.gov/chemidplus/rn/145568-18-9,FALSE
2020-09-18T19:58:50Z,https://chem.nlm.nih.gov/chemidplus/rn/63612-50-0,FALSE
2020-09-18T19:58:57Z,https://chem.nlm.nih.gov/chemidplus/rn/387783847949-50-2,FALSE
2020-09-18T19:59:01Z,https://chem.nlm.nih.gov/chemidplus/rn/18446-70-3,FALSE
2020-09-18T19:59:08Z,https://chem.nlm.nih.gov/chemidplus/rn/905703-97-1,FALSE
2020-09-18T19:59:18Z,https://chem.nlm.nih.gov/chemidplus/rn/92586-35-1,FALSE
2020-09-18T19:59:25Z,https://chem.nlm.nih.gov/chemidplus/rn/57459-72-0,FALSE
2020-09-18T19:59:32Z,https://chem.nlm.nih.gov/chemidplus/rn/1905459-83-7,FALSE
2020-09-18T19:59:43Z,https://chem.nlm.nih.gov/chemidplus/rn/7689-03-4,FALSE
2020-09-18T19:59:51Z,https://chem.nlm.nih.gov/chemidplus/rn/1033805-22-9,FALSE
2020-09-18T19:59:58Z,https://chem.nlm.nih.gov/chemidplus/rn/2746-81-8,FALSE
2020-09-18T20:00:05Z,https://chem.nlm.nih.gov/chemidplus/rn/564-25-0,FALSE
2020-09-18T20:00:11Z,https://chem.nlm.nih.gov/chemidplus/rn/53-84-9,FALSE
2020-09-18T20:00:15Z,https://chem.nlm.nih.gov/chemidplus/rn/1072833-77-2,FALSE
2020-09-18T20:00:23Z,https://chem.nlm.nih.gov/chemidplus/rn/9039-61-6,FALSE
2020-09-18T20:00:31Z,https://chem.nlm.nih.gov/chemidplus/rn/814-29-9,FALSE
2020-09-18T20:00:38Z,https://chem.nlm.nih.gov/chemidplus/rn/51-66-1,FALSE
2020-09-18T20:00:45Z,https://chem.nlm.nih.gov/chemidplus/rn/209810-58-2,FALSE
2020-09-18T20:00:50Z,https://chem.nlm.nih.gov/chemidplus/rn/68373-14-8,FALSE
2020-09-18T20:00:58Z,https://chem.nlm.nih.gov/chemidplus/rn/95343-20-7,FALSE
2020-09-18T20:01:05Z,https://chem.nlm.nih.gov/chemidplus/rn/130167-69-0,FALSE
2020-09-18T20:01:12Z,https://chem.nlm.nih.gov/chemidplus/rn/1085337-57-0,FALSE
2020-09-18T20:01:20Z,https://chem.nlm.nih.gov/chemidplus/rn/50-13-5,FALSE
2020-09-18T20:01:27Z,https://chem.nlm.nih.gov/chemidplus/rn/67-42-5,FALSE
2020-09-18T20:01:34Z,https://chem.nlm.nih.gov/chemidplus/rn/1403254-99-8,FALSE
2020-09-18T20:01:41Z,https://chem.nlm.nih.gov/chemidplus/rn/283869-56-1,FALSE
2020-09-18T20:01:45Z,https://chem.nlm.nih.gov/chemidplus/rn/50892-90-5,FALSE
2020-09-18T20:01:52Z,https://chem.nlm.nih.gov/chemidplus/rn/79700-63-3,FALSE
2020-09-18T20:01:59Z,https://chem.nlm.nih.gov/chemidplus/rn/439-14-5,FALSE
2020-09-18T20:02:06Z,https://chem.nlm.nih.gov/chemidplus/rn/5536-17-4,FALSE
2020-09-18T20:02:20Z,https://chem.nlm.nih.gov/chemidplus/rn/37270-89-6,FALSE
2020-09-18T20:02:27Z,https://chem.nlm.nih.gov/chemidplus/rn/549-18-8,FALSE
2020-09-18T20:02:34Z,https://chem.nlm.nih.gov/chemidplus/rn/50683-78-8,FALSE
2020-09-18T20:02:43Z,https://chem.nlm.nih.gov/chemidplus/rn/66900-68-3,FALSE
2020-09-18T20:02:51Z,https://chem.nlm.nih.gov/chemidplus/rn/1605-68-1,FALSE
2020-09-18T20:02:58Z,https://chem.nlm.nih.gov/chemidplus/rn/88-04-0,FALSE
2020-09-18T20:03:05Z,https://chem.nlm.nih.gov/chemidplus/rn/58069-82-2,FALSE
2020-09-18T20:03:12Z,https://chem.nlm.nih.gov/chemidplus/rn/929016-96-6,FALSE
2020-09-18T20:03:20Z,https://chem.nlm.nih.gov/chemidplus/rn/106-11-6,FALSE
2020-09-18T20:03:27Z,https://chem.nlm.nih.gov/chemidplus/rn/1340-69-8,FALSE
2020-09-18T20:03:35Z,https://chem.nlm.nih.gov/chemidplus/rn/61954-97-0,FALSE
2020-09-18T20:03:42Z,https://chem.nlm.nih.gov/chemidplus/rn/405169-16-6,FALSE
2020-09-18T20:03:49Z,https://chem.nlm.nih.gov/chemidplus/rn/36871-18-8,FALSE
2020-09-18T20:04:04Z,https://chem.nlm.nih.gov/chemidplus/rn/19685-10-0,FALSE
2020-09-18T20:04:12Z,https://chem.nlm.nih.gov/chemidplus/rn/302-22-7,FALSE
2020-09-18T20:04:19Z,https://chem.nlm.nih.gov/chemidplus/rn/89780-72-3,FALSE
2020-09-18T20:04:26Z,https://chem.nlm.nih.gov/chemidplus/rn/95233-18-4,FALSE
2020-09-18T20:04:33Z,https://chem.nlm.nih.gov/chemidplus/rn/1703793-34-3,FALSE
2020-09-18T20:04:37Z,https://chem.nlm.nih.gov/chemidplus/rn/97682-44-5,FALSE
2020-09-18T20:04:44Z,https://chem.nlm.nih.gov/chemidplus/rn/2750-76-7,FALSE
2020-09-18T20:04:51Z,https://chem.nlm.nih.gov/chemidplus/rn/936091-26-8,FALSE
2020-09-18T20:04:59Z,https://chem.nlm.nih.gov/chemidplus/rn/59865-13-3,FALSE
2020-09-18T20:05:07Z,https://chem.nlm.nih.gov/chemidplus/rn/1971-46-6,FALSE
2020-09-18T20:05:14Z,https://chem.nlm.nih.gov/chemidplus/rn/112-80-1,FALSE
2020-09-18T20:05:22Z,https://chem.nlm.nih.gov/chemidplus/rn/56-53-1,FALSE
2020-09-18T20:05:29Z,https://chem.nlm.nih.gov/chemidplus/rn/27833-64-3,FALSE
2020-09-18T20:05:43Z,https://chem.nlm.nih.gov/chemidplus/rn/622-78-6,FALSE
2020-09-18T20:05:50Z,https://chem.nlm.nih.gov/chemidplus/rn/37743-41-2,FALSE
2020-09-18T20:05:57Z,https://chem.nlm.nih.gov/chemidplus/rn/190-84-1,FALSE
2020-09-18T20:06:04Z,https://chem.nlm.nih.gov/chemidplus/rn/726169-73-9,FALSE
2020-09-18T20:06:12Z,https://chem.nlm.nih.gov/chemidplus/rn/12192-57-3,FALSE
2020-09-18T20:06:20Z,https://chem.nlm.nih.gov/chemidplus/rn/78-59-1,FALSE
2020-09-18T20:06:27Z,https://chem.nlm.nih.gov/chemidplus/rn/1151760-94-9,FALSE
2020-09-18T20:06:34Z,https://chem.nlm.nih.gov/chemidplus/rn/71247-25-1,FALSE
2020-09-18T20:06:42Z,https://chem.nlm.nih.gov/chemidplus/rn/138530-94-6,FALSE
2020-09-18T20:06:49Z,https://chem.nlm.nih.gov/chemidplus/rn/3450-05-3,FALSE
2020-09-18T20:06:56Z,https://chem.nlm.nih.gov/chemidplus/rn/2055491-00-2,FALSE
2020-09-18T20:07:03Z,https://chem.nlm.nih.gov/chemidplus/rn/41733-55-5,FALSE
2020-09-18T20:07:10Z,https://chem.nlm.nih.gov/chemidplus/rn/55-06-1,FALSE
2020-09-18T20:07:17Z,https://chem.nlm.nih.gov/chemidplus/rn/366-13-2,FALSE
2020-09-18T20:07:24Z,https://chem.nlm.nih.gov/chemidplus/rn/1173-88-2,FALSE
2020-09-18T20:07:32Z,https://chem.nlm.nih.gov/chemidplus/rn/175865-59-5,FALSE
2020-09-18T20:07:40Z,https://chem.nlm.nih.gov/chemidplus/rn/22804-49-5,FALSE
2020-09-18T20:07:48Z,https://chem.nlm.nih.gov/chemidplus/rn/13311-84-7,FALSE
2020-09-18T20:07:55Z,https://chem.nlm.nih.gov/chemidplus/rn/19171-19-8,FALSE
2020-09-18T20:08:02Z,https://chem.nlm.nih.gov/chemidplus/rn/58976-44-6,FALSE
2020-09-18T20:08:10Z,https://chem.nlm.nih.gov/chemidplus/rn/13794-73-5,FALSE
2020-09-18T20:08:17Z,https://chem.nlm.nih.gov/chemidplus/rn/50357-45-4,FALSE
2020-09-18T20:08:24Z,https://chem.nlm.nih.gov/chemidplus/rn/138727204204-73-9,FALSE
2020-09-18T20:08:28Z,https://chem.nlm.nih.gov/chemidplus/rn/66759-69-1,FALSE
2020-09-18T20:08:33Z,https://chem.nlm.nih.gov/chemidplus/rn/872728-81-9,FALSE
2020-09-18T20:08:36Z,https://chem.nlm.nih.gov/chemidplus/rn/1046827-43-3,FALSE
2020-09-18T20:08:44Z,https://chem.nlm.nih.gov/chemidplus/rn/7122-04-5,FALSE
2020-09-18T20:08:52Z,https://chem.nlm.nih.gov/chemidplus/rn/56-87-1,FALSE
2020-09-18T20:08:56Z,https://chem.nlm.nih.gov/chemidplus/rn/76774-73-7,FALSE
2020-09-18T20:08:59Z,https://chem.nlm.nih.gov/chemidplus/rn/6054-09-7,FALSE
2020-09-18T20:09:02Z,https://chem.nlm.nih.gov/chemidplus/rn/111868-63-4,FALSE
2020-09-18T20:09:06Z,https://chem.nlm.nih.gov/chemidplus/rn/550-99-2,FALSE
2020-09-18T20:09:11Z,https://chem.nlm.nih.gov/chemidplus/rn/111-57-9,FALSE
2020-09-18T20:09:22Z,https://chem.nlm.nih.gov/chemidplus/rn/149003-01-0,FALSE
2020-09-18T20:09:30Z,https://chem.nlm.nih.gov/chemidplus/rn/12674-15-6,FALSE
2020-09-18T20:09:38Z,https://chem.nlm.nih.gov/chemidplus/rn/722543-31-9,FALSE
2020-09-18T20:09:59Z,https://chem.nlm.nih.gov/chemidplus/rn/9015-51-4,FALSE
2020-09-18T20:10:10Z,https://chem.nlm.nih.gov/chemidplus/rn/1373715-00-4,FALSE
2020-09-18T20:10:17Z,https://chem.nlm.nih.gov/chemidplus/rn/1859072-60-8,FALSE
2020-09-18T20:10:21Z,https://chem.nlm.nih.gov/chemidplus/rn/154387-62-9,FALSE
2020-09-18T20:10:29Z,https://chem.nlm.nih.gov/chemidplus/rn/70-34-8,FALSE
2020-09-18T20:10:36Z,https://chem.nlm.nih.gov/chemidplus/rn/437-38-7,FALSE
2020-09-18T20:10:40Z,https://chem.nlm.nih.gov/chemidplus/rn/58-36-6,FALSE
2020-09-18T20:10:46Z,https://chem.nlm.nih.gov/chemidplus/rn/14913-33-8,FALSE
2020-09-18T20:10:50Z,https://chem.nlm.nih.gov/chemidplus/rn/87251-90-9,FALSE
2020-09-18T20:11:06Z,https://chem.nlm.nih.gov/chemidplus/rn/22315623-45-7,FALSE
2020-09-18T20:11:11Z,https://chem.nlm.nih.gov/chemidplus/rn/7732-18-5,FALSE
2020-09-18T20:11:18Z,https://chem.nlm.nih.gov/chemidplus/rn/50-59-9,FALSE
2020-09-18T20:11:26Z,https://chem.nlm.nih.gov/chemidplus/rn/58-08-2,FALSE
2020-09-18T20:11:33Z,https://chem.nlm.nih.gov/chemidplus/rn/10066-90-7,FALSE
2020-09-18T20:11:38Z,https://chem.nlm.nih.gov/chemidplus/rn/72619-32-0,FALSE
2020-09-18T20:11:45Z,https://chem.nlm.nih.gov/chemidplus/rn/147963-99-3,FALSE
2020-09-18T20:11:49Z,https://chem.nlm.nih.gov/chemidplus/rn/88416-50-6,FALSE
2020-09-18T20:11:56Z,https://chem.nlm.nih.gov/chemidplus/rn/95-05-6,FALSE
2020-09-18T20:12:03Z,https://chem.nlm.nih.gov/chemidplus/rn/604-74-0,FALSE
2020-09-18T20:12:07Z,https://chem.nlm.nih.gov/chemidplus/rn/61336-70-7,FALSE
2020-09-18T20:12:14Z,https://chem.nlm.nih.gov/chemidplus/rn/97232-34-3,FALSE
2020-09-18T20:12:21Z,https://chem.nlm.nih.gov/chemidplus/rn/105377-71-7,FALSE
2020-09-18T20:12:25Z,https://chem.nlm.nih.gov/chemidplus/rn/12651-27-3,FALSE
2020-09-18T20:12:39Z,https://chem.nlm.nih.gov/chemidplus/rn/107007-99-8,FALSE
2020-09-18T20:12:45Z,https://chem.nlm.nih.gov/chemidplus/rn/574-25-4,FALSE
2020-09-18T20:12:49Z,https://chem.nlm.nih.gov/chemidplus/rn/850140-72-6,FALSE
2020-09-18T20:13:03Z,https://chem.nlm.nih.gov/chemidplus/rn/51022-71-0,FALSE
2020-09-18T20:13:07Z,https://chem.nlm.nih.gov/chemidplus/rn/86-87-3,FALSE
2020-09-18T20:13:15Z,https://chem.nlm.nih.gov/chemidplus/rn/57973-63-4,FALSE
2020-09-18T20:13:22Z,https://chem.nlm.nih.gov/chemidplus/rn/3111-70-4,FALSE
2020-09-18T20:13:29Z,https://chem.nlm.nih.gov/chemidplus/rn/59865-15-5,FALSE
2020-09-18T20:13:37Z,https://chem.nlm.nih.gov/chemidplus/rn/30489-04-4,FALSE
2020-09-18T20:13:44Z,https://chem.nlm.nih.gov/chemidplus/rn/51-57-0,FALSE
2020-09-18T20:13:51Z,https://chem.nlm.nih.gov/chemidplus/rn/453562-69-1,FALSE
2020-09-18T20:13:59Z,https://chem.nlm.nih.gov/chemidplus/rn/358374-71-7,FALSE
2020-09-18T20:14:07Z,https://chem.nlm.nih.gov/chemidplus/rn/83-12-5,FALSE
2020-09-18T20:14:14Z,https://chem.nlm.nih.gov/chemidplus/rn/923288-90-8,FALSE
2020-09-18T20:14:22Z,https://chem.nlm.nih.gov/chemidplus/rn/51-56-9,FALSE
2020-09-18T20:14:37Z,https://chem.nlm.nih.gov/chemidplus/rn/1133766-06-9,FALSE
2020-09-18T20:14:44Z,https://chem.nlm.nih.gov/chemidplus/rn/31895-22-4,FALSE
2020-09-18T20:14:48Z,https://chem.nlm.nih.gov/chemidplus/rn/90357-06-5,FALSE
2020-09-18T20:14:55Z,https://chem.nlm.nih.gov/chemidplus/rn/52-86-8,FALSE
2020-09-18T20:14:59Z,https://chem.nlm.nih.gov/chemidplus/rn/1622327-37-0,FALSE
2020-09-18T20:15:06Z,https://chem.nlm.nih.gov/chemidplus/rn/115777192185-68-5,FALSE
2020-09-18T20:15:14Z,https://chem.nlm.nih.gov/chemidplus/rn/59828-07-8,FALSE
2020-09-18T20:15:23Z,https://chem.nlm.nih.gov/chemidplus/rn/914295-16-2,FALSE
2020-09-18T20:15:27Z,https://chem.nlm.nih.gov/chemidplus/rn/87-33-2,FALSE
2020-09-18T20:15:42Z,https://chem.nlm.nih.gov/chemidplus/rn/267639-76-9,FALSE
2020-09-18T20:15:50Z,https://chem.nlm.nih.gov/chemidplus/rn/1608108-91-3,FALSE
2020-09-18T20:15:57Z,https://chem.nlm.nih.gov/chemidplus/rn/110311-30-3,FALSE
2020-09-18T20:16:04Z,https://chem.nlm.nih.gov/chemidplus/rn/152305-87-8,FALSE
2020-09-18T20:16:11Z,https://chem.nlm.nih.gov/chemidplus/rn/885060-09-3,FALSE
2020-09-18T20:16:20Z,https://chem.nlm.nih.gov/chemidplus/rn/61-19-8,FALSE
2020-09-18T20:16:27Z,https://chem.nlm.nih.gov/chemidplus/rn/51-15-0,FALSE
2020-09-18T20:16:34Z,https://chem.nlm.nih.gov/chemidplus/rn/88254-04-0,FALSE
2020-09-18T20:16:38Z,https://chem.nlm.nih.gov/chemidplus/rn/1011710-99-8,FALSE
2020-09-18T20:16:45Z,https://chem.nlm.nih.gov/chemidplus/rn/15687-27-1,FALSE
2020-09-18T20:16:49Z,https://chem.nlm.nih.gov/chemidplus/rn/72301-78-1,FALSE
2020-09-18T20:16:56Z,https://chem.nlm.nih.gov/chemidplus/rn/27160-72-1,FALSE
2020-09-18T20:17:00Z,https://chem.nlm.nih.gov/chemidplus/rn/117742-13-9,FALSE
2020-09-18T20:17:08Z,https://chem.nlm.nih.gov/chemidplus/rn/131926-98-2,FALSE
2020-09-18T20:17:16Z,https://chem.nlm.nih.gov/chemidplus/rn/111712-15-3,FALSE
2020-09-18T20:17:23Z,https://chem.nlm.nih.gov/chemidplus/rn/5534-09-8,FALSE
2020-09-18T20:17:33Z,https://chem.nlm.nih.gov/chemidplus/rn/57197-43-0,FALSE
2020-09-18T20:17:40Z,https://chem.nlm.nih.gov/chemidplus/rn/115626-53-4,FALSE
2020-09-18T20:17:44Z,https://chem.nlm.nih.gov/chemidplus/rn/90320-58-4,FALSE
2020-09-18T20:17:52Z,https://chem.nlm.nih.gov/chemidplus/rn/54-05-7,FALSE
2020-09-18T20:18:01Z,https://chem.nlm.nih.gov/chemidplus/rn/4032918505-61-0,FALSE
2020-09-18T20:18:05Z,https://chem.nlm.nih.gov/chemidplus/rn/1257-78-9,FALSE
2020-09-18T20:18:13Z,https://chem.nlm.nih.gov/chemidplus/rn/1492952-76-7,FALSE
2020-09-18T20:18:20Z,https://chem.nlm.nih.gov/chemidplus/rn/739-71-9,FALSE
2020-09-18T20:18:28Z,https://chem.nlm.nih.gov/chemidplus/rn/139-62-8,FALSE
